PLAYER_ID,PLAYER_NAME,SEASON_ID,LEAGUE_ID,TEAM_ID,TEAM_ABBREVIATION,PLAYER_AGE,GP,GS,MIN,FGM,FGA,FG_PCT,FG3M,FG3A,FG3_PCT,FTM,FTA,FT_PCT,OREB,DREB,REB,AST,STL,BLK,TOV,PF,PTS
76001,Alaa Abdelnaby,1990-91,00,1610612757,POR,23.0,43,0,290.0,6.8,14.4,0.474,0.0,0.0,0.0,3.1,5.5,0.568,3.4,7.7,11.0,1.5,0.5,1.5,2.7,4.8,16.8
76001,Alaa Abdelnaby,1991-92,00,1610612757,POR,24.0,71,1,934.0,6.9,13.9,0.493,0.0,0.0,0.0,2.9,3.9,0.752,3.1,6.9,10.0,1.2,1.0,0.6,2.5,5.1,16.7
76001,Alaa Abdelnaby,1992-93,00,1610612749,MIL,25.0,12,0,159.0,5.9,12.7,0.464,0.0,0.2,0.0,2.7,3.6,0.75,2.7,5.7,8.4,2.3,1.4,0.9,2.9,5.4,14.5
76001,Alaa Abdelnaby,1992-93,00,1610612738,BOS,25.0,63,52,1152.0,6.8,13.0,0.525,0.0,0.0,0.0,2.4,3.1,0.76,3.6,5.8,9.4,0.5,0.6,0.7,2.6,5.2,16.1
76001,Alaa Abdelnaby,1992-93,00,0,TOT,25.0,75,52,1311.0,6.7,13.0,0.518,0.0,0.0,0.0,2.4,3.2,0.759,3.5,5.8,9.3,0.7,0.7,0.7,2.7,5.2,15.9
76001,Alaa Abdelnaby,1993-94,00,1610612738,BOS,26.0,13,0,159.0,5.4,12.5,0.436,0.0,0.0,0.0,3.6,5.7,0.64,2.7,7.7,10.4,0.7,0.5,0.7,3.8,4.5,14.5
76001,Alaa Abdelnaby,1994-95,00,1610612758,SAC,27.0,51,0,476.0,8.8,16.6,0.532,0.0,0.2,0.0,1.5,2.6,0.571,2.6,5.4,8.0,1.0,1.1,0.9,3.0,7.7,19.2
76001,Alaa Abdelnaby,1994-95,00,1610612755,PHL,27.0,3,0,30.0,1.2,13.2,0.091,0.0,0.0,0.0,0.0,0.0,0.0,3.6,6.0,9.6,0.0,0.0,0.0,6.0,2.4,2.4
76001,Alaa Abdelnaby,1994-95,00,0,TOT,27.0,54,0,506.0,8.4,16.4,0.511,0.0,0.1,0.0,1.4,2.5,0.571,2.6,5.5,8.1,0.9,1.1,0.9,3.2,7.4,18.2
76002,Zaid Abdul-Aziz,1968-69,00,1610612749,MIL,23.0,29,,837.0,126.0,347.0,0.363,,,,68.0,106.0,0.642,,,378.0,33.0,,,,98.0,320.0
76002,Zaid Abdul-Aziz,1968-69,00,1610612758,CIN,23.0,20,,108.0,18.0,43.0,0.419,,,,2.0,7.0,0.286,,,31.0,4.0,,,,17.0,38.0
76002,Zaid Abdul-Aziz,1968-69,00,0,TOT,23.0,49,,945.0,144.0,390.0,0.369,,,,70.0,113.0,0.619,,,409.0,37.0,,,,115.0,358.0
76002,Zaid Abdul-Aziz,1969-70,00,1610612749,MIL,24.0,80,,1637.0,237.0,546.0,0.434,,,,119.0,185.0,0.643,,,603.0,62.0,,,,167.0,593.0
76002,Zaid Abdul-Aziz,1970-71,00,1610612760,SEA,25.0,61,,1276.0,263.0,597.0,0.441,,,,139.0,188.0,0.739,,,468.0,42.0,,,,118.0,665.0
76002,Zaid Abdul-Aziz,1971-72,00,1610612760,SEA,26.0,58,,1780.0,322.0,751.0,0.429,,,,154.0,214.0,0.72,,,654.0,124.0,,,,178.0,798.0
76002,Zaid Abdul-Aziz,1972-73,00,1610612745,HOU,27.0,48,,900.0,149.0,375.0,0.397,,,,119.0,162.0,0.735,,,304.0,53.0,,,,108.0,417.0
76002,Zaid Abdul-Aziz,1973-74,00,1610612745,HOU,28.0,79,,2459.0,336.0,732.0,0.459,,,,193.0,240.0,0.804,259.0,664.0,923.0,166.0,80.0,104.0,,227.0,865.0
76002,Zaid Abdul-Aziz,1974-75,00,1610612745,HOU,29.0,65,,1450.0,235.0,538.0,0.437,,,,159.0,203.0,0.783,154.0,334.0,488.0,84.0,37.0,74.0,,128.0,629.0
76002,Zaid Abdul-Aziz,1975-76,00,1610612760,SEA,30.0,27,,223.0,35.0,75.0,0.467,,,,16.0,29.0,0.552,30.0,46.0,76.0,16.0,8.0,15.0,,29.0,86.0
76002,Zaid Abdul-Aziz,1976-77,00,1610612746,BUF,31.0,22,,195.0,25.0,74.0,0.338,,,,33.0,43.0,0.767,41.0,49.0,90.0,7.0,3.0,9.0,,21.0,83.0
76002,Zaid Abdul-Aziz,1977-78,00,1610612745,HOU,32.0,14,,134.0,20.0,47.0,0.426,,,,15.0,20.0,0.75,13.0,22.0,35.0,7.0,2.0,2.0,8.0,25.0,55.0
76002,Zaid Abdul-Aziz,1977-78,00,1610612738,BOS,32.0,2,,24.0,3.0,13.0,0.231,,,,2.0,3.0,0.667,6.0,9.0,15.0,3.0,1.0,1.0,3.0,4.0,8.0
76002,Zaid Abdul-Aziz,1977-78,00,0,TOT,32.0,16,,158.0,23.0,60.0,0.383,,,,17.0,23.0,0.739,19.0,31.0,50.0,10.0,3.0,3.0,11.0,29.0,63.0
76003,Kareem Abdul-Jabbar,1969-70,00,1610612749,MIL,23.0,82,0,3534.0,938.0,1810.0,0.518,,,,485.0,743.0,0.653,,,1190.0,337.0,,,,283.0,2361.0
76003,Kareem Abdul-Jabbar,1970-71,00,1610612749,MIL,24.0,82,82,3288.0,1063.0,1843.0,0.577,,,,470.0,681.0,0.69,,,1311.0,272.0,,,,264.0,2596.0
76003,Kareem Abdul-Jabbar,1971-72,00,1610612749,MIL,25.0,81,81,3583.0,1159.0,2019.0,0.574,,,,504.0,732.0,0.689,,,1346.0,370.0,,,,235.0,2822.0
76003,Kareem Abdul-Jabbar,1972-73,00,1610612749,MIL,26.0,76,76,3254.0,982.0,1772.0,0.554,,,,328.0,460.0,0.713,,,1224.0,379.0,,,,208.0,2292.0
76003,Kareem Abdul-Jabbar,1973-74,00,1610612749,MIL,27.0,81,81,3548.0,948.0,1759.0,0.539,,,,295.0,420.0,0.702,287.0,891.0,1178.0,386.0,112.0,283.0,,238.0,2191.0
76003,Kareem Abdul-Jabbar,1974-75,00,1610612749,MIL,28.0,65,64,2747.0,812.0,1584.0,0.513,,,,325.0,426.0,0.763,194.0,718.0,912.0,264.0,65.0,212.0,,205.0,1949.0
76003,Kareem Abdul-Jabbar,1975-76,00,1610612747,LAL,29.0,82,82,3379.0,914.0,1728.0,0.529,,,,447.0,636.0,0.703,272.0,1111.0,1383.0,413.0,119.0,338.0,,292.0,2275.0
76003,Kareem Abdul-Jabbar,1976-77,00,1610612747,LAL,30.0,82,82,3016.0,888.0,1533.0,0.579,,,,376.0,536.0,0.701,266.0,824.0,1090.0,319.0,101.0,261.0,,262.0,2152.0
76003,Kareem Abdul-Jabbar,1977-78,00,1610612747,LAL,31.0,62,62,2265.0,663.0,1205.0,0.55,,,,274.0,350.0,0.783,186.0,615.0,801.0,269.0,103.0,185.0,208.0,182.0,1600.0
76003,Kareem Abdul-Jabbar,1978-79,00,1610612747,LAL,32.0,80,80,3157.0,777.0,1347.0,0.577,,,,349.0,474.0,0.736,207.0,818.0,1025.0,431.0,76.0,316.0,282.0,230.0,1903.0
76003,Kareem Abdul-Jabbar,1979-80,00,1610612747,LAL,33.0,82,81,3143.0,835.0,1383.0,0.604,0.0,1.0,0.0,364.0,476.0,0.765,190.0,696.0,886.0,371.0,81.0,280.0,297.0,216.0,2034.0
76003,Kareem Abdul-Jabbar,1980-81,00,1610612747,LAL,34.0,80,80,2976.0,836.0,1457.0,0.574,0.0,1.0,0.0,423.0,552.0,0.766,197.0,624.0,821.0,272.0,59.0,228.0,249.0,244.0,2095.0
76003,Kareem Abdul-Jabbar,1981-82,00,1610612747,LAL,35.0,76,76,2677.0,753.0,1301.0,0.579,0.0,3.0,0.0,312.0,442.0,0.706,172.0,487.0,659.0,225.0,63.0,207.0,230.0,224.0,1818.0
76003,Kareem Abdul-Jabbar,1982-83,00,1610612747,LAL,36.0,79,79,2554.0,722.0,1228.0,0.588,0.0,2.0,0.0,278.0,371.0,0.749,167.0,425.0,592.0,200.0,61.0,170.0,200.0,220.0,1722.0
76003,Kareem Abdul-Jabbar,1983-84,00,1610612747,LAL,37.0,80,80,2622.0,716.0,1238.0,0.578,0.0,1.0,0.0,285.0,394.0,0.723,169.0,418.0,587.0,211.0,55.0,143.0,221.0,211.0,1717.0
76003,Kareem Abdul-Jabbar,1984-85,00,1610612747,LAL,38.0,79,79,2630.0,723.0,1207.0,0.599,0.0,1.0,0.0,289.0,395.0,0.732,162.0,460.0,622.0,249.0,63.0,162.0,197.0,238.0,1735.0
76003,Kareem Abdul-Jabbar,1985-86,00,1610612747,LAL,39.0,79,79,2629.0,755.0,1338.0,0.564,0.0,2.0,0.0,336.0,439.0,0.765,133.0,345.0,478.0,280.0,67.0,130.0,203.0,248.0,1846.0
76003,Kareem Abdul-Jabbar,1986-87,00,1610612747,LAL,40.0,78,78,2441.0,560.0,993.0,0.564,1.0,3.0,0.333,245.0,343.0,0.714,152.0,371.0,523.0,203.0,49.0,97.0,186.0,245.0,1366.0
76003,Kareem Abdul-Jabbar,1987-88,00,1610612747,LAL,41.0,80,80,2308.0,480.0,903.0,0.532,0.0,1.0,0.0,205.0,269.0,0.762,118.0,360.0,478.0,135.0,48.0,92.0,159.0,216.0,1165.0
76003,Kareem Abdul-Jabbar,1988-89,00,1610612747,LAL,42.0,74,74,1695.0,313.0,659.0,0.475,0.0,3.0,0.0,122.0,165.0,0.739,103.0,231.0,334.0,74.0,38.0,85.0,95.0,196.0,748.0
51,Mahmoud Abdul-Rauf,1990-91,00,1610612743,DEN,22.0,67,19,1505.0,417.0,1009.0,0.413,24,100,0.24,84.0,98.0,0.857,34.0,87.0,121.0,206.0,55.0,4.0,110.0,149.0,942.0
51,Mahmoud Abdul-Rauf,1991-92,00,1610612743,DEN,23.0,81,11,1538.0,356.0,845.0,0.421,31,94,0.33,94.0,108.0,0.87,22.0,92.0,114.0,192.0,44.0,4.0,117.0,130.0,837.0
51,Mahmoud Abdul-Rauf,1992-93,00,1610612743,DEN,24.0,81,81,2710.0,633.0,1407.0,0.45,70,197,0.355,217.0,232.0,0.935,51.0,174.0,225.0,344.0,84.0,8.0,187.0,179.0,1553.0
51,Mahmoud Abdul-Rauf,1993-94,00,1610612743,DEN,25.0,80,78,2617.0,588.0,1279.0,0.46,42,133,0.316,219.0,229.0,0.956,27.0,141.0,168.0,362.0,82.0,10.0,151.0,150.0,1437.0
51,Mahmoud Abdul-Rauf,1994-95,00,1610612743,DEN,26.0,73,43,2082.0,472.0,1005.0,0.47,83,215,0.386,138.0,156.0,0.885,32.0,105.0,137.0,263.0,77.0,9.0,119.0,126.0,1165.0
51,Mahmoud Abdul-Rauf,1995-96,00,1610612743,DEN,27.0,57,53,2029.0,414.0,955.0,0.434,121,309,0.392,146.0,157.0,0.93,26.0,112.0,138.0,389.0,64.0,3.0,115.0,117.0,1095.0
51,Mahmoud Abdul-Rauf,1996-97,00,1610612758,SAC,28.0,75,51,2131.0,411.0,924.0,0.445,94,246,0.382,115.0,136.0,0.846,16.0,106.0,122.0,189.0,56.0,6.0,119.0,174.0,1031.0
51,Mahmoud Abdul-Rauf,1997-98,00,1610612758,SAC,29.0,31,0,530.0,103.0,273.0,0.377,5,31,0.161,16.0,16.0,1.0,6.0,31.0,37.0,58.0,16.0,1.0,19.0,31.0,227.0
51,Mahmoud Abdul-Rauf,2000-01,00,1610612763,VAN,32.0,41,0,485.0,120.0,246.0,0.488,4,14,0.286,22.0,29.0,0.759,5.0,20.0,25.0,76.0,9.0,1.0,26.0,50.0,266.0
1505,Tariq Abdul-Wahad,1997-98,00,1610612758,SAC,23.0,59,16,959.0,144.0,357.0,0.403,4,19,0.211,84.0,125.0,0.672,44.0,72.0,116.0,51.0,35.0,13.0,65.0,81.0,376.0
1505,Tariq Abdul-Wahad,1998-99,00,1610612758,SAC,24.0,49,49,1205.0,177.0,407.0,0.435,6,21,0.286,94.0,136.0,0.691,72.0,114.0,186.0,50.0,50.0,16.0,70.0,121.0,454.0
1505,Tariq Abdul-Wahad,1999-00,00,1610612753,ORL,25.0,46,46,1205.0,223.0,515.0,0.433,2,21,0.095,115.0,151.0,0.762,77.0,162.0,239.0,72.0,53.0,16.0,87.0,116.0,563.0
1505,Tariq Abdul-Wahad,1999-00,00,1610612743,DEN,25.0,15,10,373.0,51.0,131.0,0.389,1,2,0.5,31.0,42.0,0.738,24.0,28.0,52.0,26.0,6.0,12.0,19.0,31.0,134.0
1505,Tariq Abdul-Wahad,1999-00,00,0,TOT,25.0,61,56,1578.0,274.0,646.0,0.424,3,23,0.13,146.0,193.0,0.756,101.0,190.0,291.0,98.0,59.0,28.0,106.0,147.0,697.0
1505,Tariq Abdul-Wahad,2000-01,00,1610612743,DEN,26.0,29,12,421.0,43.0,111.0,0.387,4,10,0.4,21.0,36.0,0.583,14.0,45.0,59.0,22.0,14.0,13.0,34.0,54.0,111.0
1505,Tariq Abdul-Wahad,2001-02,00,1610612743,DEN,27.0,20,12,419.0,55.0,145.0,0.379,1,2,0.5,24.0,32.0,0.75,39.0,39.0,78.0,22.0,18.0,9.0,24.0,51.0,135.0
1505,Tariq Abdul-Wahad,2001-02,00,1610612742,DAL,27.0,4,0,24.0,0.0,2.0,0.0,0,0,0.0,0.0,1.0,0.0,2.0,4.0,6.0,2.0,2.0,1.0,3.0,5.0,0.0
1505,Tariq Abdul-Wahad,2001-02,00,0,TOT,27.0,24,12,442.0,55.0,147.0,0.374,1,2,0.5,24.0,33.0,0.727,41.0,43.0,84.0,24.0,20.0,10.0,27.0,56.0,135.0
1505,Tariq Abdul-Wahad,2002-03,00,1610612742,DAL,28.0,14,0,204.0,27.0,58.0,0.466,0,1,0.0,3.0,6.0,0.5,14.0,26.0,40.0,21.0,6.0,3.0,7.0,26.0,57.0
949,Shareef Abdur-Rahim,1996-97,00,1610612763,VAN,20.0,80,71,2804.0,550.0,1214.0,0.453,7,27,0.259,387.0,519.0,0.746,216.0,339.0,555.0,175.0,79.0,79.0,225.0,199.0,1494.0
949,Shareef Abdur-Rahim,1997-98,00,1610612763,VAN,21.0,82,82,2950.0,653.0,1347.0,0.485,21,51,0.412,502.0,640.0,0.784,227.0,354.0,581.0,213.0,89.0,76.0,257.0,201.0,1829.0
949,Shareef Abdur-Rahim,1998-99,00,1610612763,VAN,22.0,50,50,2021.0,386.0,893.0,0.432,11,36,0.306,369.0,439.0,0.841,114.0,260.0,374.0,172.0,69.0,55.0,186.0,137.0,1152.0
949,Shareef Abdur-Rahim,1999-00,00,1610612763,VAN,23.0,82,82,3223.0,594.0,1277.0,0.465,29,96,0.302,446.0,551.0,0.809,218.0,607.0,825.0,271.0,89.0,87.0,249.0,244.0,1663.0
949,Shareef Abdur-Rahim,2000-01,00,1610612763,VAN,24.0,81,81,3241.0,604.0,1280.0,0.472,12,64,0.188,443.0,531.0,0.834,175.0,560.0,735.0,250.0,90.0,77.0,231.0,238.0,1663.0
949,Shareef Abdur-Rahim,2001-02,00,1610612737,ATL,25.0,77,77,2978.0,598.0,1297.0,0.461,21,70,0.3,419.0,523.0,0.801,198.0,498.0,696.0,239.0,98.0,81.0,250.0,214.0,1636.0
949,Shareef Abdur-Rahim,2002-03,00,1610612737,ATL,26.0,81,81,3087.0,566.0,1183.0,0.478,21,60,0.35,455.0,541.0,0.841,175.0,502.0,677.0,242.0,87.0,38.0,212.0,240.0,1608.0
949,Shareef Abdur-Rahim,2003-04,00,1610612737,ATL,27.0,53,53,1955.0,383.0,790.0,0.485,5,23,0.217,294.0,334.0,0.88,141.0,354.0,495.0,127.0,44.0,19.0,131.0,147.0,1065.0
949,Shareef Abdur-Rahim,2003-04,00,1610612757,POR,27.0,32,3,729.0,118.0,264.0,0.447,4,11,0.364,79.0,95.0,0.832,48.0,96.0,144.0,47.0,24.0,18.0,53.0,75.0,319.0
949,Shareef Abdur-Rahim,2003-04,00,0,TOT,27.0,85,56,2684.0,501.0,1054.0,0.475,9,34,0.265,373.0,429.0,0.869,189.0,450.0,639.0,174.0,68.0,37.0,184.0,222.0,1384.0
949,Shareef Abdur-Rahim,2004-05,00,1610612757,POR,28.0,54,49,1868.0,337.0,670.0,0.503,15,39,0.385,220.0,254.0,0.866,123.0,269.0,392.0,111.0,49.0,26.0,117.0,150.0,909.0
949,Shareef Abdur-Rahim,2005-06,00,1610612758,SAC,29.0,72,30,1961.0,332.0,632.0,0.525,5,22,0.227,218.0,278.0,0.784,106.0,251.0,357.0,149.0,48.0,42.0,108.0,227.0,887.0
949,Shareef Abdur-Rahim,2006-07,00,1610612758,SAC,30.0,80,45,2015.0,310.0,654.0,0.474,3,20,0.15,170.0,234.0,0.726,122.0,276.0,398.0,109.0,53.0,40.0,116.0,243.0,793.0
949,Shareef Abdur-Rahim,2007-08,00,1610612758,SAC,31.0,6,0,51.0,3.0,14.0,0.214,0,0,0.0,4.0,4.0,1.0,6.0,4.0,10.0,4.0,1.0,0.0,1.0,9.0,10.0
76005,Tom Abernethy,1976-77,00,1610612747,LAL,23.0,70,0,1378.0,169.0,349.0,0.484,,,,101.0,134.0,0.754,113.0,178.0,291.0,98.0,49.0,10.0,,118.0,439.0
76005,Tom Abernethy,1977-78,00,1610612747,LAL,24.0,73,3,1317.0,201.0,404.0,0.498,,,,91.0,111.0,0.82,105.0,160.0,265.0,101.0,55.0,22.0,50.0,122.0,493.0
76005,Tom Abernethy,1978-79,00,1610612744,GOS,25.0,70,25,1219.0,176.0,342.0,0.515,,,,70.0,94.0,0.745,74.0,142.0,216.0,79.0,39.0,13.0,32.0,133.0,422.0
76005,Tom Abernethy,1979-80,00,1610612744,GOS,26.0,67,12,1222.0,153.0,318.0,0.481,0.0,1.0,0.0,56.0,82.0,0.683,62.0,129.0,191.0,87.0,35.0,12.0,39.0,118.0,362.0
76005,Tom Abernethy,1980-81,00,1610612744,GOS,27.0,10,0,39.0,1.0,3.0,0.333,0.0,0.0,0.0,2.0,3.0,0.667,1.0,7.0,8.0,1.0,1.0,0.0,2.0,5.0,4.0
76005,Tom Abernethy,1980-81,00,1610612754,IND,27.0,29,0,259.0,24.0,56.0,0.429,0.0,1.0,0.0,11.0,19.0,0.579,19.0,21.0,40.0,18.0,6.0,3.0,6.0,29.0,59.0
76005,Tom Abernethy,1980-81,00,0,TOT,27.0,39,0,298.0,25.0,59.0,0.424,0.0,1.0,0.0,13.0,22.0,0.591,20.0,28.0,48.0,19.0,7.0,3.0,8.0,34.0,63.0
76006,Forest Able,1956-57,00,1610612755,SYR,24.0,1,,1.0,0.0,2.0,0.0,,,,0.0,0.0,,,,1.0,1.0,,,,1.0,0.0
76007,John Abramovic,1946-47,00,1610610031,PIT,28.0,47,,,202.0,834.0,0.242,,,,123.0,178.0,0.691,,,,35.0,,,,161.0,527.0
76007,John Abramovic,1947-48,00,1610610034,BOM,29.0,4,,0.0,1.0,10.0,0.1,,,,2.0,4.0,0.5,,,0.0,1.0,,,,5.0,4.0
76007,John Abramovic,1947-48,00,1610610024,BAL,29.0,5,,0.0,0.0,11.0,0.0,,,,2.0,3.0,0.667,,,0.0,1.0,,,,5.0,2.0
76007,John Abramovic,1947-48,00,0,TOT,29.0,9,,,1.0,21.0,0.048,,,,4.0,7.0,0.571,,,,2.0,,,,10.0,6.0
203518,Alex Abrines,2016-17,00,1610612760,OKC,23.0,68,6,1055.0,134.0,341.0,0.393,94,247,0.381,44.0,49.0,0.898,18,68,86.0,40.0,37,8,33,114.0,406.0
203518,Alex Abrines,2017-18,00,1610612760,OKC,24.0,75,8,1134.0,115.0,291.0,0.395,84,221,0.38,39.0,46.0,0.848,26,88,114.0,28.0,38,8,25,124.0,353.0
203518,Alex Abrines,2018-19,00,1610612760,OKC,25.0,31,2,588.0,56.0,157.0,0.357,41,127,0.323,12.0,13.0,0.923,5,43,48.0,20.0,17,6,14,53.0,165.0
1630173,Precious Achiuwa,2020-21,00,1610612748,MIA,21.0,61,4,737.0,124.0,228.0,0.544,0,1,0.0,56.0,110.0,0.509,73,135,208.0,29.0,20,28,43,91.0,304.0
1630173,Precious Achiuwa,2021-22,00,1610612761,TOR,22.0,73,28,1725.0,265.0,603.0,0.439,56,156,0.359,78.0,131.0,0.595,146,327,473.0,82.0,37,41,84,151.0,664.0
1630173,Precious Achiuwa,2022-23,00,1610612761,TOR,23.0,55,12,1141.0,196.0,404.0,0.485,29,108,0.269,87.0,124.0,0.702,100,228,328.0,50.0,31,30,59,102.0,508.0
1630173,Precious Achiuwa,2023-24,00,1610612761,TOR,24.0,19,0,344.0,61.0,132.0,0.462,12,39,0.308,19.0,31.0,0.613,37,76,113.0,40.0,11,8,26,34.0,153.0
101165,Alex Acker,2005-06,00,1610612765,DET,23.0,5,0,35.0,4.0,16.0,0.25,1,5,0.2,0.0,0.0,0.0,1,4,5.0,4.0,1,0,4,4.0,9.0
101165,Alex Acker,2008-09,00,1610612765,DET,26.0,7,0,20.0,4.0,11.0,0.364,0,4,0.0,1.0,2.0,0.5,0,2,2.0,1.0,2,1,0,0.0,9.0
101165,Alex Acker,2008-09,00,1610612746,LAC,26.0,18,0,179.0,26.0,65.0,0.4,7,16,0.438,4.0,8.0,0.5,8,14,22.0,11.0,3,3,7,9.0,63.0
101165,Alex Acker,2008-09,00,0,TOT,26.0,25,0,200.0,30.0,76.0,0.395,7,20,0.35,5.0,10.0,0.5,8,16,24.0,12.0,5,4,7,9.0,72.0
76008,Donald Ackerman,1953-54,00,1610612752,NYK,23.0,28,,220.0,14.0,63.0,0.222,,,,15.0,28.0,0.536,,,15.0,23.0,,,,43.0,43.0
76009,Mark Acres,1987-88,00,1610612738,BOS,25.0,79,5,1151.0,108.0,203.0,0.532,0,0,0.0,71.0,111.0,0.64,105,165,270.0,42.0,29,27,54,198.0,287.0
76009,Mark Acres,1988-89,00,1610612738,BOS,26.0,62,0,632.0,55.0,114.0,0.482,1,1,1.0,26.0,48.0,0.542,59,87,146.0,19.0,19,6,23,94.0,137.0
76009,Mark Acres,1989-90,00,1610612753,ORL,27.0,80,50,1691.0,138.0,285.0,0.484,3,4,0.75,83.0,120.0,0.692,154,277,431.0,67.0,36,25,70,248.0,362.0
76009,Mark Acres,1990-91,00,1610612753,ORL,28.0,68,0,1313.0,109.0,214.0,0.509,1,3,0.333,66.0,101.0,0.653,140,219,359.0,25.0,25,25,42,218.0,285.0
76009,Mark Acres,1991-92,00,1610612753,ORL,29.0,68,6,926.0,78.0,151.0,0.517,1,3,0.333,51.0,67.0,0.761,97,155,252.0,22.0,25,15,33,140.0,208.0
76009,Mark Acres,1992-93,00,1610612745,HOU,30.0,6,0,23.0,2.0,9.0,0.222,1,2,0.5,1.0,2.0,0.5,2,4,6.0,0.0,0,0,2,2.0,6.0
76009,Mark Acres,1992-93,00,1610612764,WAS,30.0,12,7,246.0,24.0,40.0,0.6,0,0,0.0,10.0,14.0,0.714,24,37,61.0,5.0,3,6,11,32.0,58.0
76009,Mark Acres,1992-93,00,0,TOT,30.0,18,7,269.0,26.0,49.0,0.531,1,2,0.5,11.0,16.0,0.688,26,41,67.0,5.0,3,6,13,34.0,64.0
76010,Charles Acton,1967-68,00,1610612745,SDR,26.0,23,,195.0,29.0,74.0,0.392,,,,19.0,29.0,0.655,,,47.0,11.0,,,,35.0,77.0
203112,Quincy Acy,2012-13,00,1610612761,TOR,22.0,29,0,342.0,42.0,75.0,0.56,1,2,0.5,31.0,38.0,0.816,30,47,77.0,11.0,13,15,17,53.0,116.0
203112,Quincy Acy,2013-14,00,1610612761,TOR,23.0,7,0,61.0,6.0,14.0,0.429,2,5,0.4,5.0,8.0,0.625,5,10,15.0,4.0,4,3,2,8.0,19.0
203112,Quincy Acy,2013-14,00,1610612758,SAC,23.0,56,0,786.0,60.0,127.0,0.472,2,10,0.2,30.0,45.0,0.667,67,134,201.0,24.0,19,23,28,114.0,152.0
203112,Quincy Acy,2013-14,00,0,TOT,23.0,63,0,848.0,66.0,141.0,0.468,4,15,0.267,35.0,53.0,0.66,72,144,216.0,28.0,23,26,30,122.0,171.0
203112,Quincy Acy,2014-15,00,1610612752,NYK,24.0,68,22,1287.0,152.0,331.0,0.459,18,60,0.3,76.0,97.0,0.784,79,222,301.0,68.0,27,22,60,147.0,398.0
203112,Quincy Acy,2015-16,00,1610612758,SAC,25.0,59,29,876.0,119.0,214.0,0.556,19,49,0.388,50.0,68.0,0.735,65,123,188.0,27.0,29,24,27,103.0,307.0
203112,Quincy Acy,2016-17,00,1610612742,DAL,26.0,6,0,48.0,5.0,17.0,0.294,1,7,0.143,2.0,3.0,0.667,2,6,8.0,0.0,0,0,2,9.0,13.0
203112,Quincy Acy,2016-17,00,1610612751,BKN,26.0,32,1,510.0,65.0,153.0,0.425,36,83,0.434,43.0,57.0,0.754,18,89,107.0,18.0,14,15,19,58.0,209.0
203112,Quincy Acy,2016-17,00,0,TOT,26.0,38,1,558.0,70.0,170.0,0.412,37,90,0.411,45.0,60.0,0.75,20,95,115.0,18.0,14,15,21,67.0,222.0
203112,Quincy Acy,2017-18,00,1610612751,BKN,27.0,70,8,1359.0,130.0,365.0,0.356,102,292,0.349,49.0,60.0,0.817,40,217,257.0,57.0,33,29,60,149.0,411.0
203112,Quincy Acy,2018-19,00,1610612756,PHX,28.0,10,0,123.0,4.0,18.0,0.222,2,15,0.133,7.0,10.0,0.7,3,22,25.0,8.0,1,4,4,24.0,17.0
76011,Alvan Adams,1975-76,00,1610612756,PHX,21.0,80,79,2656.0,629.0,1341.0,0.469,,,,261.0,355.0,0.735,215,512,727.0,450.0,121,116,,274.0,1519.0
76011,Alvan Adams,1976-77,00,1610612756,PHX,22.0,72,67,2278.0,522.0,1102.0,0.474,,,,252.0,334.0,0.754,180,472,652.0,322.0,95,87,,260.0,1296.0
76011,Alvan Adams,1977-78,00,1610612756,PHX,23.0,70,49,1914.0,434.0,895.0,0.485,,,,214.0,293.0,0.73,158,407,565.0,225.0,86,63,234.0,242.0,1082.0
76011,Alvan Adams,1978-79,00,1610612756,PHX,24.0,77,74,2364.0,569.0,1073.0,0.53,,,,231.0,289.0,0.799,220,485,705.0,360.0,110,63,279.0,246.0,1369.0
76011,Alvan Adams,1979-80,00,1610612756,PHX,25.0,75,64,2168.0,465.0,875.0,0.531,0.0,2.0,0.0,188.0,236.0,0.797,158,451,609.0,322.0,108,55,218.0,237.0,1118.0
76011,Alvan Adams,1980-81,00,1610612756,PHX,26.0,75,69,2054.0,458.0,870.0,0.526,0.0,0.0,0.0,199.0,259.0,0.768,157,389,546.0,344.0,106,69,226.0,226.0,1115.0
76011,Alvan Adams,1981-82,00,1610612756,PHX,27.0,79,75,2393.0,507.0,1027.0,0.494,0.0,1.0,0.0,182.0,233.0,0.781,138,448,586.0,356.0,114,78,196.0,269.0,1196.0
76011,Alvan Adams,1982-83,00,1610612756,PHX,28.0,80,75,2447.0,477.0,981.0,0.486,1.0,3.0,0.333,180.0,217.0,0.829,161,387,548.0,376.0,114,74,242.0,287.0,1135.0
76011,Alvan Adams,1983-84,00,1610612756,PHX,29.0,70,13,1452.0,269.0,582.0,0.462,0.0,4.0,0.0,132.0,160.0,0.825,118,201,319.0,219.0,73,31,117.0,195.0,670.0
76011,Alvan Adams,1984-85,00,1610612756,PHX,30.0,82,69,2136.0,476.0,915.0,0.52,0.0,0.0,0.0,250.0,283.0,0.883,153,347,500.0,308.0,115,48,197.0,254.0,1202.0
76011,Alvan Adams,1985-86,00,1610612756,PHX,31.0,78,45,2005.0,341.0,679.0,0.502,0.0,2.0,0.0,159.0,203.0,0.783,148,329,477.0,324.0,103,46,206.0,272.0,841.0
76011,Alvan Adams,1986-87,00,1610612756,PHX,32.0,68,40,1690.0,311.0,618.0,0.503,0.0,1.0,0.0,134.0,170.0,0.788,91,247,338.0,223.0,62,37,139.0,207.0,756.0
76011,Alvan Adams,1987-88,00,1610612756,PHX,33.0,82,25,1646.0,251.0,506.0,0.496,1.0,2.0,0.5,108.0,128.0,0.844,118,247,365.0,183.0,82,41,140.0,245.0,611.0
76012,Don Adams,1970-71,00,1610612745,SDR,23.0,82,,2374.0,391.0,957.0,0.409,,,,155.0,212.0,0.731,,,581.0,173.0,,,,344.0,937.0
76012,Don Adams,1971-72,00,1610612737,ATL,24.0,70,,2030.0,307.0,779.0,0.394,,,,204.0,273.0,0.747,,,494.0,137.0,,,,259.0,818.0
76012,Don Adams,1971-72,00,1610612745,HOU,24.0,3,,41.0,6.0,19.0,0.316,,,,1.0,2.0,0.5,,,8.0,3.0,,,,7.0,13.0
76012,Don Adams,1971-72,00,0,TOT,24.0,73,,2071.0,313.0,798.0,0.392,,,,205.0,275.0,0.745,,,502.0,140.0,,,,266.0,831.0
76012,Don Adams,1972-73,00,1610612737,ATL,25.0,4,,76.0,8.0,38.0,0.211,,,,7.0,8.0,0.875,,,22.0,5.0,,,,11.0,23.0
76012,Don Adams,1972-73,00,1610612765,DET,25.0,70,,1798.0,257.0,640.0,0.402,,,,138.0,176.0,0.784,,,419.0,112.0,,,,220.0,652.0
76012,Don Adams,1972-73,00,0,TOT,25.0,74,,1874.0,265.0,678.0,0.391,,,,145.0,184.0,0.788,,,441.0,117.0,,,,231.0,675.0
76012,Don Adams,1973-74,00,1610612765,DET,26.0,74,,2298.0,303.0,742.0,0.408,,,,153.0,201.0,0.761,133.0,315.0,448.0,141.0,110.0,12.0,,242.0,759.0
76012,Don Adams,1974-75,00,1610612765,DET,27.0,51,,1376.0,127.0,315.0,0.403,,,,45.0,78.0,0.577,63.0,181.0,244.0,75.0,69.0,20.0,,179.0,299.0
76012,Don Adams,1975-76,00,1610612746,BUF,28.0,56,,704.0,67.0,170.0,0.394,,,,40.0,57.0,0.702,38.0,107.0,145.0,73.0,30.0,7.0,,128.0,174.0
76012,Don Adams,1976-77,00,1610612746,BUF,29.0,77,,1710.0,216.0,526.0,0.411,,,,129.0,173.0,0.746,130.0,241.0,371.0,150.0,74.0,16.0,,201.0,561.0
200801,Hassan Adams,2006-07,00,1610612751,NJN,23.0,61,8,495.0,75.0,135.0,0.556,0,1,0.0,24.0,36.0,0.667,35,42,77.0,13.0,17,4,22,47.0,174.0
200801,Hassan Adams,2008-09,00,1610612761,TOR,25.0,12,0,52.0,4.0,13.0,0.308,0,0,0.0,3.0,6.0,0.5,1,6,7.0,1.0,1,1,4,4.0,11.0
1629121,Jaylen Adams,2018-19,00,1610612737,ATL,23.0,34,1,428.0,38.0,110.0,0.345,25,74,0.338,7.0,9.0,0.778,11,49,60.0,65.0,14,5,28,45.0,108.0
1629121,Jaylen Adams,2020-21,00,1610612749,MIL,25.0,7,0,18.0,1.0,8.0,0.125,0,2,0.0,0.0,0.0,0.0,0,3,3.0,2.0,0,0,0,1.0,2.0
203919,Jordan Adams,2014-15,00,1610612763,MEM,20.0,30,0,248.0,35.0,86.0,0.407,10,25,0.4,14.0,23.0,0.609,9,19,28.0,16.0,16,7,14,24.0,94.0
203919,Jordan Adams,2015-16,00,1610612763,MEM,21.0,2,0,15.0,2.0,6.0,0.333,0,1,0.0,3.0,5.0,0.6,0,2,2.0,3.0,3,0,2,2.0,7.0
149,Michael Adams,1985-86,00,1610612758,SAC,23.0,18,0,139.0,16.0,44.0,0.364,0,3,0.0,8.0,12.0,0.667,2,4,6.0,22.0,9,1,11,9.0,40.0
149,Michael Adams,1986-87,00,1610612764,WAS,24.0,63,0,1303.0,160.0,393.0,0.407,28,102,0.275,105.0,124.0,0.847,38,85,123.0,244.0,85,6,81,88.0,453.0
149,Michael Adams,1987-88,00,1610612743,DEN,25.0,82,75,2778.0,416.0,927.0,0.449,139,379,0.367,166.0,199.0,0.834,40,183,223.0,503.0,168,16,144,138.0,1137.0
149,Michael Adams,1988-89,00,1610612743,DEN,26.0,77,77,2787.0,468.0,1082.0,0.433,166,466,0.356,322.0,393.0,0.819,71,212,283.0,490.0,166,11,180,149.0,1424.0
149,Michael Adams,1989-90,00,1610612743,DEN,27.0,79,74,2690.0,398.0,989.0,0.402,158,432,0.366,267.0,314.0,0.85,49,176,225.0,495.0,121,3,141,133.0,1221.0
149,Michael Adams,1990-91,00,1610612743,DEN,28.0,66,66,2346.0,560.0,1421.0,0.394,167,564,0.296,465.0,529.0,0.879,58,198,256.0,693.0,147,6,240,162.0,1752.0
149,Michael Adams,1991-92,00,1610612764,WAS,29.0,78,78,2795.0,485.0,1233.0,0.393,125,386,0.324,313.0,360.0,0.869,58,252,310.0,594.0,145,9,212,162.0,1408.0
149,Michael Adams,1992-93,00,1610612764,WAS,30.0,70,70,2499.0,365.0,831.0,0.439,68,212,0.321,237.0,277.0,0.856,52,188,240.0,526.0,100,4,175,146.0,1035.0
149,Michael Adams,1993-94,00,1610612764,WAS,31.0,70,67,2337.0,285.0,698.0,0.408,55,191,0.288,224.0,270.0,0.83,37,146,183.0,480.0,96,6,167,140.0,849.0
149,Michael Adams,1994-95,00,1610612766,CHH,32.0,29,0,443.0,67.0,148.0,0.453,29,81,0.358,25.0,30.0,0.833,6,23,29.0,95.0,23,1,26,41.0,188.0
149,Michael Adams,1995-96,00,1610612766,CHH,33.0,21,3,329.0,37.0,83.0,0.446,14,41,0.341,26.0,35.0,0.743,5,17,22.0,67.0,21,4,25,25.0,114.0
203500,Steven Adams,2013-14,00,1610612760,OKC,20.0,81,20,1197.0,93.0,185.0,0.503,0,0,0.0,79.0,136.0,0.581,142,190,332.0,43.0,40,57,71,203.0,265.0
203500,Steven Adams,2014-15,00,1610612760,OKC,21.0,70,67,1771.0,217.0,399.0,0.544,0,2,0.0,103.0,205.0,0.502,199,324,523.0,66.0,38,86,99,222.0,537.0
203500,Steven Adams,2015-16,00,1610612760,OKC,22.0,80,80,2014.0,261.0,426.0,0.613,0,0,0.0,114.0,196.0,0.582,219,314,533.0,62.0,42,89,84,223.0,636.0
203500,Steven Adams,2016-17,00,1610612760,OKC,23.0,80,80,2389.0,374.0,655.0,0.571,0,1,0.0,157.0,257.0,0.611,281,332,613.0,86.0,89,78,146,195.0,905.0
203500,Steven Adams,2017-18,00,1610612760,OKC,24.0,76,76,2487.0,448.0,712.0,0.629,0,2,0.0,160.0,286.0,0.559,384,301,685.0,88.0,92,78,128,215.0,1056.0
203500,Steven Adams,2018-19,00,1610612760,OKC,25.0,80,80,2669.0,481.0,809.0,0.595,0,2,0.0,146.0,292.0,0.5,391,369,760.0,124.0,117,76,135,204.0,1108.0
203500,Steven Adams,2019-20,00,1610612760,OKC,26.0,63,63,1681.0,283.0,478.0,0.592,1,3,0.333,117.0,201.0,0.582,207,376,583.0,146.0,51,67,94,122.0,684.0
203500,Steven Adams,2020-21,00,1610612740,NOP,27.0,58,58,1605.0,189.0,308.0,0.614,0,3,0.0,60.0,135.0,0.444,213,301,514.0,111.0,54,38,78,113.0,438.0
203500,Steven Adams,2021-22,00,1610612763,MEM,28.0,76,75,1999.0,210.0,384.0,0.547,0,1,0.0,108.0,199.0,0.543,349,411,760.0,256.0,65,60,115,153.0,528.0
203500,Steven Adams,2022-23,00,1610612763,MEM,29.0,42,42,1133.0,157.0,263.0,0.597,0,1,0.0,47.0,129.0,0.364,214,271,485.0,97.0,36,46,79,98.0,361.0
912,Rafael Addison,1986-87,00,1610612756,PHX,22.0,62,12,711.0,146.0,331.0,0.441,16,50,0.32,51.0,64.0,0.797,41,65,106.0,45.0,27,7,54,75.0,359.0
912,Rafael Addison,1991-92,00,1610612751,NJN,27.0,76,8,1175.0,187.0,432.0,0.433,14,49,0.286,56.0,76.0,0.737,65,100,165.0,68.0,28,28,46,109.0,444.0
912,Rafael Addison,1992-93,00,1610612751,NJN,28.0,68,15,1164.0,182.0,411.0,0.443,7,34,0.206,57.0,70.0,0.814,45,87,132.0,53.0,23,11,64,125.0,428.0
912,Rafael Addison,1994-95,00,1610612765,DET,30.0,79,16,1776.0,279.0,586.0,0.476,24,83,0.289,74.0,99.0,0.747,67,175,242.0,109.0,53,25,76,236.0,656.0
912,Rafael Addison,1995-96,00,1610612766,CHH,31.0,53,0,516.0,77.0,165.0,0.467,0,9,0.0,17.0,22.0,0.773,25,65,90.0,30.0,9,9,27,74.0,171.0
912,Rafael Addison,1996-97,00,1610612766,CHH,32.0,41,3,353.0,49.0,122.0,0.402,8,20,0.4,22.0,28.0,0.786,19,26,45.0,34.0,8,3,17,52.0,128.0
1628389,Bam Adebayo,2017-18,00,1610612748,MIA,20.0,69,19,1368.0,174.0,340.0,0.512,0,7,0.0,129.0,179.0,0.721,118,263,381.0,101.0,32,41,66,138.0,477.0
1628389,Bam Adebayo,2018-19,00,1610612748,MIA,21.0,82,28,1913.0,280.0,486.0,0.576,3,15,0.2,166.0,226.0,0.735,165,432,597.0,184.0,71,65,121,203.0,729.0
1628389,Bam Adebayo,2019-20,00,1610612748,MIA,22.0,72,72,2417.0,440.0,790.0,0.557,2,14,0.143,264.0,382.0,0.691,176,559,735.0,368.0,82,93,204,182.0,1146.0
1628389,Bam Adebayo,2020-21,00,1610612748,MIA,23.0,64,64,2143.0,456.0,800.0,0.57,2,8,0.25,283.0,354.0,0.799,142,431,573.0,346.0,75,66,169,145.0,1197.0
1628389,Bam Adebayo,2021-22,00,1610612748,MIA,24.0,56,56,1825.0,406.0,729.0,0.557,0,6,0.0,256.0,340.0,0.753,137,427,564.0,190.0,80,44,148,171.0,1068.0
1628389,Bam Adebayo,2022-23,00,1610612748,MIA,25.0,75,75,2598.0,602.0,1114.0,0.54,1,12,0.083,324.0,402.0,0.806,184,504,688.0,240.0,88,61,187,208.0,1529.0
1628389,Bam Adebayo,2023-24,00,1610612748,MIA,26.0,16,16,537.0,132.0,253.0,0.522,1,3,0.333,91.0,112.0,0.813,33,126,159.0,62.0,19,16,39,39.0,356.0
1629061,Deng Adel,2018-19,00,1610612739,CLE,22.0,19,3,194.0,11.0,36.0,0.306,6,23,0.261,4.0,4.0,1.0,3,16,19.0,5.0,1,4,6,13.0,32.0
76015,Rick Adelman,1968-69,00,1610612745,SDR,23.0,77,,1448.0,177.0,449.0,0.394,,,,131.0,204.0,0.642,,,216.0,238.0,,,,158.0,485.0
76015,Rick Adelman,1969-70,00,1610612745,SDR,24.0,35,,717.0,96.0,247.0,0.389,,,,68.0,91.0,0.747,,,81.0,113.0,,,,90.0,260.0
76015,Rick Adelman,1970-71,00,1610612757,POR,25.0,81,,2303.0,378.0,895.0,0.422,,,,267.0,369.0,0.724,,,282.0,380.0,,,,214.0,1023.0
76015,Rick Adelman,1971-72,00,1610612757,POR,26.0,80,,2445.0,329.0,753.0,0.437,,,,151.0,201.0,0.751,,,229.0,413.0,,,,209.0,809.0
76015,Rick Adelman,1972-73,00,1610612757,POR,27.0,76,,1822.0,214.0,525.0,0.408,,,,73.0,102.0,0.716,,,157.0,294.0,,,,155.0,501.0
76015,Rick Adelman,1973-74,00,1610612741,CHI,28.0,55,,618.0,64.0,170.0,0.376,,,,54.0,76.0,0.711,16.0,53.0,69.0,56.0,36.0,1.0,,63.0,182.0
76015,Rick Adelman,1974-75,00,1610612741,CHI,29.0,12,,340.0,43.0,104.0,0.413,,,,28.0,39.0,0.718,6.0,20.0,26.0,35.0,16.0,1.0,,31.0,114.0
76015,Rick Adelman,1974-75,00,1610612762,NOJ,29.0,28,,613.0,67.0,159.0,0.421,,,,41.0,59.0,0.695,13.0,42.0,55.0,69.0,47.0,6.0,,58.0,175.0
76015,Rick Adelman,1974-75,00,1610612758,KCK,29.0,18,,121.0,13.0,28.0,0.464,,,,4.0,5.0,0.8,6.0,8.0,14.0,8.0,7.0,1.0,,12.0,30.0
76015,Rick Adelman,1974-75,00,0,TOT,29.0,58,,1074.0,123.0,291.0,0.423,,,,73.0,103.0,0.709,25.0,70.0,95.0,112.0,70.0,8.0,,101.0,319.0
202399,Jeff Adrien,2010-11,00,1610612744,GSW,25.0,23,0,196.0,23.0,54.0,0.426,0,0,0.0,11.0,19.0,0.579,23,35,58.0,10.0,4,5,9,28.0,57.0
202399,Jeff Adrien,2011-12,00,1610612745,HOU,26.0,8,0,63.0,7.0,16.0,0.438,0,0,0.0,7.0,12.0,0.583,5,17,22.0,1.0,0,2,2,13.0,21.0
202399,Jeff Adrien,2012-13,00,1610612766,CHA,27.0,52,5,713.0,72.0,168.0,0.429,0,2,0.0,65.0,100.0,0.65,68,128,196.0,36.0,18,27,32,80.0,209.0
202399,Jeff Adrien,2013-14,00,1610612766,CHA,28.0,25,0,256.0,22.0,40.0,0.55,0,0,0.0,13.0,25.0,0.52,33,55,88.0,7.0,7,15,8,35.0,57.0
202399,Jeff Adrien,2013-14,00,1610612749,MIL,28.0,28,12,705.0,121.0,235.0,0.515,0,0,0.0,63.0,94.0,0.67,69,149,218.0,31.0,17,21,31,73.0,305.0
202399,Jeff Adrien,2013-14,00,0,TOT,28.0,53,12,962.0,143.0,275.0,0.52,0,0,0.0,76.0,119.0,0.639,102,204,306.0,38.0,24,36,39,108.0,362.0
202399,Jeff Adrien,2014-15,00,1610612750,MIN,29.0,17,0,215.0,19.0,44.0,0.432,0,0,0.0,22.0,38.0,0.579,23,54,77.0,15.0,4,9,9,30.0,60.0
201167,Arron Afflalo,2007-08,00,1610612765,DET,22.0,75,9,970.0,99.0,241.0,0.411,10,48,0.208,68.0,87.0,0.782,36,101,137.0,52.0,31,8,34,83.0,276.0
201167,Arron Afflalo,2008-09,00,1610612765,DET,23.0,74,8,1234.0,131.0,300.0,0.437,43,107,0.402,58.0,71.0,0.817,30,104,134.0,44.0,28,13,43,144.0,363.0
201167,Arron Afflalo,2009-10,00,1610612743,DEN,24.0,82,75,2221.0,272.0,585.0,0.465,108,249,0.434,72.0,98.0,0.735,59,193,252.0,138.0,46,30,74,225.0,724.0
201167,Arron Afflalo,2010-11,00,1610612743,DEN,25.0,69,69,2324.0,312.0,627.0,0.498,105,248,0.423,138.0,163.0,0.847,45,206,251.0,168.0,34,31,71,153.0,867.0
201167,Arron Afflalo,2011-12,00,1610612743,DEN,26.0,62,62,2086.0,329.0,699.0,0.471,88,221,0.398,197.0,247.0,0.798,40,157,197.0,149.0,36,13,85,134.0,943.0
201167,Arron Afflalo,2012-13,00,1610612753,ORL,27.0,64,64,2307.0,397.0,905.0,0.439,72,240,0.3,191.0,223.0,0.857,29,210,239.0,206.0,40,11,138,137.0,1057.0
201167,Arron Afflalo,2013-14,00,1610612753,ORL,28.0,73,73,2552.0,464.0,1011.0,0.459,128,300,0.427,274.0,336.0,0.815,32,230,262.0,248.0,35,3,146,136.0,1330.0
201167,Arron Afflalo,2014-15,00,1610612743,DEN,29.0,53,53,1750.0,281.0,657.0,0.428,82,243,0.337,127.0,151.0,0.841,21,159,180.0,101.0,32,5,83,108.0,771.0
201167,Arron Afflalo,2014-15,00,1610612757,POR,29.0,25,19,752.0,94.0,227.0,0.414,36,90,0.4,40.0,47.0,0.851,6,61,67.0,28.0,9,2,33,59.0,264.0
201167,Arron Afflalo,2014-15,00,0,TOT,29.0,78,72,2502.0,375.0,884.0,0.424,118,333,0.354,167.0,198.0,0.843,27,220,247.0,129.0,41,7,116,167.0,1035.0
201167,Arron Afflalo,2015-16,00,1610612752,NYK,30.0,71,57,2371.0,354.0,799.0,0.443,91,238,0.382,110.0,131.0,0.84,23,243,266.0,144.0,25,10,82,142.0,909.0
201167,Arron Afflalo,2016-17,00,1610612758,SAC,31.0,61,45,1580.0,185.0,420.0,0.44,62,151,0.411,83.0,93.0,0.892,9,116,125.0,78.0,21,6,42,104.0,515.0
201167,Arron Afflalo,2017-18,00,1610612753,ORL,32.0,53,3,682.0,65.0,162.0,0.401,27,70,0.386,22.0,26.0,0.846,4,62,66.0,30.0,4,9,21,56.0,179.0
1630534,Ochai Agbaji,2022-23,00,1610612762,UTA,23.0,59,22,1209.0,165.0,386.0,0.427,81,228,0.355,56.0,69.0,0.812,43,78,121.0,67.0,16,15,41,99.0,467.0
1630534,Ochai Agbaji,2023-24,00,1610612762,UTA,23.0,26,10,551.0,65.0,149.0,0.436,33,86,0.384,6.0,8.0,0.75,24,43,67.0,28.0,18,13,18,40.0,169.0
200772,Maurice Ager,2006-07,00,1610612742,DAL,23.0,32,1,214.0,22.0,70.0,0.314,5,15,0.333,20.0,33.0,0.606,1,20,21.0,7.0,4,3,15,27.0,69.0
200772,Maurice Ager,2007-08,00,1610612742,DAL,24.0,12,3,77.0,5.0,27.0,0.185,0,8,0.0,5.0,6.0,0.833,1,3,4.0,4.0,0,1,3,11.0,15.0
200772,Maurice Ager,2007-08,00,1610612751,NJN,24.0,14,0,88.0,16.0,38.0,0.421,3,11,0.273,1.0,6.0,0.167,3,6,9.0,4.0,0,0,3,6.0,36.0
200772,Maurice Ager,2007-08,00,0,TOT,24.0,26,3,165.0,21.0,65.0,0.323,3,19,0.158,6.0,12.0,0.5,4,9,13.0,8.0,0,1,6,17.0,51.0
200772,Maurice Ager,2008-09,00,1610612751,NJN,25.0,20,0,97.0,15.0,43.0,0.349,0,6,0.0,4.0,8.0,0.5,3,7,10.0,3.0,1,2,4,17.0,34.0
200772,Maurice Ager,2010-11,00,1610612750,MIN,27.0,4,0,29.0,6.0,11.0,0.545,3,4,0.75,0.0,0.0,0.0,0,2,2.0,1.0,1,0,4,4.0,15.0
76016,Mark Aguirre,1981-82,00,1610612742,DAL,22.0,51,20,1468.0,381.0,820.0,0.465,25,71,0.352,168.0,247.0,0.68,89,160,249.0,164.0,37,22,135,152.0,955.0
76016,Mark Aguirre,1982-83,00,1610612742,DAL,23.0,81,75,2784.0,767.0,1589.0,0.483,16,76,0.211,429.0,589.0,0.728,191,317,508.0,332.0,80,26,261,247.0,1979.0
76016,Mark Aguirre,1983-84,00,1610612742,DAL,24.0,79,79,2900.0,925.0,1765.0,0.524,15,56,0.268,465.0,621.0,0.749,161,308,469.0,358.0,80,22,285,246.0,2330.0
76016,Mark Aguirre,1984-85,00,1610612742,DAL,25.0,80,79,2699.0,794.0,1569.0,0.506,27,85,0.318,440.0,580.0,0.759,188,289,477.0,249.0,60,24,253,250.0,2055.0
76016,Mark Aguirre,1985-86,00,1610612742,DAL,26.0,74,73,2501.0,668.0,1327.0,0.503,16,56,0.286,318.0,451.0,0.705,177,268,445.0,339.0,62,14,252,229.0,1670.0
76016,Mark Aguirre,1986-87,00,1610612742,DAL,27.0,80,80,2663.0,787.0,1590.0,0.495,53,150,0.353,429.0,557.0,0.77,181,246,427.0,254.0,84,30,217,243.0,2056.0
76016,Mark Aguirre,1987-88,00,1610612742,DAL,28.0,77,77,2610.0,746.0,1571.0,0.475,52,172,0.302,388.0,504.0,0.77,182,252,434.0,278.0,70,57,203,223.0,1932.0
76016,Mark Aguirre,1988-89,00,1610612742,DAL,29.0,44,44,1529.0,373.0,829.0,0.45,29,99,0.293,178.0,244.0,0.73,90,145,235.0,189.0,29,29,140,128.0,953.0
76016,Mark Aguirre,1988-89,00,1610612765,DET,29.0,36,32,1068.0,213.0,441.0,0.483,22,75,0.293,110.0,149.0,0.738,56,95,151.0,89.0,16,7,68,101.0,558.0
76016,Mark Aguirre,1988-89,00,0,TOT,29.0,80,76,2597.0,586.0,1270.0,0.461,51,174,0.293,288.0,393.0,0.733,146,240,386.0,278.0,45,36,208,229.0,1511.0
76016,Mark Aguirre,1989-90,00,1610612765,DET,30.0,78,40,2005.0,438.0,898.0,0.488,31,93,0.333,192.0,254.0,0.756,117,188,305.0,145.0,34,19,121,201.0,1099.0
76016,Mark Aguirre,1990-91,00,1610612765,DET,31.0,78,13,2006.0,420.0,909.0,0.462,24,78,0.308,240.0,317.0,0.757,134,240,374.0,139.0,47,20,128,209.0,1104.0
76016,Mark Aguirre,1991-92,00,1610612765,DET,32.0,75,12,1582.0,339.0,787.0,0.431,15,71,0.211,158.0,230.0,0.687,67,169,236.0,126.0,51,11,105,171.0,851.0
76016,Mark Aguirre,1992-93,00,1610612765,DET,33.0,51,15,1056.0,187.0,422.0,0.443,30,83,0.361,99.0,129.0,0.767,43,109,152.0,105.0,16,7,68,101.0,503.0
76016,Mark Aguirre,1993-94,00,1610612746,LAC,34.0,39,0,859.0,163.0,348.0,0.468,37,93,0.398,50.0,72.0,0.694,28,88,116.0,104.0,21,8,70,98.0,413.0
201336,Blake Ahearn,2007-08,00,1610612748,MIA,24.0,12,0,177.0,15.0,57.0,0.263,10,34,0.294,30.0,31.0,0.968,1,18,19.0,19.0,6,0,16,20.0,70.0
201336,Blake Ahearn,2008-09,00,1610612759,SAS,25.0,3,0,19.0,2.0,6.0,0.333,2,4,0.5,2.0,2.0,1.0,0,1,1.0,2.0,1,0,1,3.0,8.0
201336,Blake Ahearn,2011-12,00,1610612762,UTA,28.0,4,0,30.0,4.0,14.0,0.286,2,9,0.222,0.0,0.0,0.0,0,2,2.0,1.0,0,0,5,4.0,10.0
76017,Danny Ainge,1981-82,00,1610612738,BOS,23.0,53,1,564.0,79.0,221.0,0.357,5,17,0.294,56.0,65.0,0.862,25,31,56.0,87.0,37,3,53,86.0,219.0
76017,Danny Ainge,1982-83,00,1610612738,BOS,24.0,80,76,2048.0,357.0,720.0,0.496,5,29,0.172,72.0,97.0,0.742,83,131,214.0,251.0,109,6,98,259.0,791.0
76017,Danny Ainge,1983-84,00,1610612738,BOS,25.0,71,3,1154.0,166.0,361.0,0.46,6,22,0.273,46.0,56.0,0.821,29,87,116.0,162.0,41,4,70,143.0,384.0
76017,Danny Ainge,1984-85,00,1610612738,BOS,26.0,75,73,2564.0,419.0,792.0,0.529,15,56,0.268,118.0,136.0,0.868,76,192,268.0,399.0,122,6,149,228.0,971.0
76017,Danny Ainge,1985-86,00,1610612738,BOS,27.0,80,78,2407.0,353.0,701.0,0.504,26,73,0.356,123.0,136.0,0.904,47,188,235.0,405.0,94,7,129,204.0,855.0
76017,Danny Ainge,1986-87,00,1610612738,BOS,28.0,71,66,2499.0,410.0,844.0,0.486,85,192,0.443,148.0,165.0,0.897,49,193,242.0,400.0,101,14,141,189.0,1053.0
76017,Danny Ainge,1987-88,00,1610612738,BOS,29.0,81,81,3018.0,482.0,982.0,0.491,148,357,0.415,158.0,180.0,0.878,59,190,249.0,503.0,115,17,153,203.0,1270.0
76017,Danny Ainge,1988-89,00,1610612738,BOS,30.0,45,28,1349.0,271.0,589.0,0.46,58,155,0.374,114.0,128.0,0.891,37,117,154.0,215.0,52,1,82,108.0,714.0
76017,Danny Ainge,1988-89,00,1610612758,SAC,30.0,28,26,1028.0,209.0,462.0,0.452,58,150,0.387,91.0,112.0,0.813,34,67,101.0,187.0,41,7,63,78.0,567.0
76017,Danny Ainge,1988-89,00,0,TOT,30.0,73,54,2377.0,480.0,1051.0,0.457,116,305,0.38,205.0,240.0,0.854,71,184,255.0,402.0,93,8,145,186.0,1281.0
76017,Danny Ainge,1989-90,00,1610612758,SAC,31.0,75,68,2727.0,506.0,1154.0,0.438,108,289,0.374,222.0,267.0,0.831,69,257,326.0,453.0,113,18,185,238.0,1342.0
76017,Danny Ainge,1990-91,00,1610612757,POR,32.0,80,0,1710.0,337.0,714.0,0.472,102,251,0.406,114.0,138.0,0.826,45,160,205.0,285.0,63,13,100,195.0,890.0
76017,Danny Ainge,1991-92,00,1610612757,POR,33.0,81,6,1595.0,299.0,676.0,0.442,78,230,0.339,108.0,131.0,0.824,40,108,148.0,202.0,73,13,70,148.0,784.0
76017,Danny Ainge,1992-93,00,1610612756,PHX,34.0,80,0,2163.0,337.0,730.0,0.462,150,372,0.403,123.0,145.0,0.848,49,165,214.0,260.0,69,8,113,175.0,947.0
76017,Danny Ainge,1993-94,00,1610612756,PHX,35.0,68,1,1555.0,224.0,537.0,0.417,80,244,0.328,78.0,94.0,0.83,28,103,131.0,180.0,57,8,81,140.0,606.0
76017,Danny Ainge,1994-95,00,1610612756,PHX,36.0,74,1,1374.0,194.0,422.0,0.46,78,214,0.364,105.0,130.0,0.808,25,84,109.0,210.0,46,7,79,155.0,571.0
201582,Alexis Ajinca,2008-09,00,1610612766,CHA,21.0,31,4,182.0,25.0,69.0,0.362,0,2,0.0,20.0,28.0,0.714,9,21,30.0,3.0,7,6,12,34.0,70.0
201582,Alexis Ajinca,2009-10,00,1610612766,CHA,22.0,6,0,30.0,5.0,10.0,0.5,0,0,0.0,0.0,1.0,0.0,1,3,4.0,0.0,1,1,2,5.0,10.0
201582,Alexis Ajinca,2010-11,00,1610612742,DAL,23.0,10,2,75.0,12.0,32.0,0.375,3,7,0.429,2.0,3.0,0.667,5,12,17.0,2.0,3,5,1,13.0,29.0
201582,Alexis Ajinca,2010-11,00,1610612761,TOR,23.0,24,0,265.0,47.0,101.0,0.465,9,27,0.333,11.0,15.0,0.733,12,49,61.0,8.0,8,14,17,60.0,114.0
201582,Alexis Ajinca,2010-11,00,0,TOT,23.0,34,2,340.0,59.0,133.0,0.444,12,34,0.353,13.0,18.0,0.722,17,61,78.0,10.0,11,19,18,73.0,143.0
201582,Alexis Ajinca,2013-14,00,1610612740,NOP,26.0,56,30,951.0,136.0,249.0,0.546,0,1,0.0,56.0,67.0,0.836,94,183,277.0,40.0,23,46,63,187.0,328.0
201582,Alexis Ajinca,2014-15,00,1610612740,NOP,27.0,68,8,957.0,181.0,329.0,0.55,0,0,0.0,81.0,99.0,0.818,104,211,315.0,47.0,21,51,69,151.0,443.0
201582,Alexis Ajinca,2015-16,00,1610612740,NOP,28.0,59,17,861.0,150.0,315.0,0.476,0,1,0.0,52.0,62.0,0.839,75,194,269.0,31.0,19,36,54,134.0,352.0
201582,Alexis Ajinca,2016-17,00,1610612740,NOP,29.0,39,15,584.0,89.0,178.0,0.5,0,4,0.0,29.0,40.0,0.725,46,131,177.0,12.0,20,22,31,77.0,207.0
76018,Henry Akin,1966-67,00,1610612752,NYK,22.0,50,,453.0,83.0,230.0,0.361,,,,26.0,37.0,0.703,,,120.0,25.0,,,,82.0,192.0
76018,Henry Akin,1967-68,00,1610612760,SEA,23.0,36,,259.0,46.0,137.0,0.336,,,,20.0,31.0,0.645,,,57.0,14.0,,,,48.0,112.0
203006,Josh Akognon,2012-13,00,1610612742,DAL,27.0,3,0,9.0,2.0,4.0,0.5,1,2,0.5,0.0,0.0,0.0,0,1,1.0,1.0,0,0,0,3.0,5.0
1629152,DeVaughn Akoon-Purcell,2018-19,00,1610612743,DEN,26.0,7,0,22.0,3.0,10.0,0.3,0,4,0.0,1.0,2.0,0.5,1,3,4.0,6.0,2,0,2,4.0,7.0
202374,Solomon Alabi,2010-11,00,1610612761,TOR,23.0,12,0,59.0,3.0,15.0,0.2,0,0,0.0,0.0,2.0,0.0,7,7,14.0,2.0,2,2,3,5.0,6.0
202374,Solomon Alabi,2011-12,00,1610612761,TOR,24.0,14,0,122.0,13.0,36.0,0.361,0,0,0.0,7.0,8.0,0.875,15,32,47.0,3.0,2,9,5,11.0,33.0
76019,Mark Alarie,1986-87,00,1610612743,DEN,23.0,64,25,1110.0,217.0,443.0,0.49,2,9,0.222,67.0,101.0,0.663,73,141,214.0,74.0,22,28,56,138.0,503.0
76019,Mark Alarie,1987-88,00,1610612764,WAS,24.0,63,0,769.0,144.0,300.0,0.48,4,18,0.222,35.0,49.0,0.714,70,90,160.0,39.0,10,12,50,107.0,327.0
76019,Mark Alarie,1988-89,00,1610612764,WAS,25.0,74,5,1141.0,206.0,431.0,0.478,13,38,0.342,73.0,87.0,0.839,103,152,255.0,63.0,25,22,62,160.0,498.0
76019,Mark Alarie,1989-90,00,1610612764,WAS,26.0,82,10,1893.0,371.0,785.0,0.473,10,49,0.204,108.0,133.0,0.812,151,223,374.0,142.0,60,39,101,219.0,860.0
76019,Mark Alarie,1990-91,00,1610612764,WAS,27.0,42,1,587.0,99.0,225.0,0.44,5,21,0.238,41.0,48.0,0.854,41,76,117.0,45.0,15,8,40,88.0,244.0
76020,Gary Alcorn,1959-60,00,1610612765,DET,23.0,58,,670.0,91.0,312.0,0.292,,,,48.0,84.0,0.571,,,279.0,22.0,,,,123.0,230.0
76020,Gary Alcorn,1960-61,00,1610612747,LAL,24.0,20,,174.0,12.0,40.0,0.3,,,,7.0,8.0,0.875,,,50.0,2.0,,,,47.0,31.0
1630583,Santi Aldama,2021-22,00,1610612763,MEM,21.0,32,0,360.0,53.0,132.0,0.402,6,48,0.125,20.0,32.0,0.625,33,54,87.0,21.0,6,10,16,36.0,132.0
1630583,Santi Aldama,2022-23,00,1610612763,MEM,22.0,77,20,1682.0,247.0,525.0,0.47,94,266,0.353,108.0,144.0,0.75,85,286,371.0,97.0,45,48,60,143.0,696.0
1630583,Santi Aldama,2023-24,00,1610612763,MEM,22.0,18,5,466.0,86.0,194.0,0.443,30,91,0.33,19.0,31.0,0.613,28,78,106.0,38.0,13,14,21,34.0,221.0
203128,Furkan Aldemir,2014-15,00,1610612755,PHI,23.0,41,9,540.0,40.0,78.0,0.513,0,5,0.0,13.0,27.0,0.481,78,98,176.0,28.0,17,16,17,96.0,93.0
202332,Cole Aldrich,2010-11,00,1610612760,OKC,22.0,18,0,142.0,8.0,15.0,0.533,0,0,0.0,2.0,4.0,0.5,13,22,35.0,4.0,5,7,8,30.0,18.0
202332,Cole Aldrich,2011-12,00,1610612760,OKC,23.0,26,0,173.0,22.0,42.0,0.524,0,0,0.0,13.0,14.0,0.929,13,35,48.0,3.0,8,16,9,22.0,57.0
202332,Cole Aldrich,2012-13,00,1610612745,HOU,24.0,30,0,213.0,23.0,43.0,0.535,0,0,0.0,4.0,9.0,0.444,12,45,57.0,6.0,3,9,14,41.0,50.0
202332,Cole Aldrich,2012-13,00,1610612758,SAC,24.0,15,0,175.0,21.0,37.0,0.568,0,0,0.0,8.0,11.0,0.727,18,45,63.0,3.0,2,14,9,19.0,50.0
202332,Cole Aldrich,2012-13,00,0,TOT,24.0,45,0,388.0,44.0,80.0,0.55,0,0,0.0,12.0,20.0,0.6,30,90,120.0,9.0,5,23,23,60.0,100.0
202332,Cole Aldrich,2013-14,00,1610612752,NYK,25.0,46,2,330.0,33.0,61.0,0.541,0,0,0.0,26.0,30.0,0.867,37,92,129.0,14.0,8,30,18,40.0,92.0
202332,Cole Aldrich,2014-15,00,1610612752,NYK,26.0,61,16,976.0,144.0,301.0,0.478,0,0,0.0,50.0,64.0,0.781,101,237,338.0,75.0,37,65,59,122.0,338.0
202332,Cole Aldrich,2015-16,00,1610612746,LAC,27.0,60,5,800.0,134.0,225.0,0.596,0,0,0.0,60.0,84.0,0.714,86,202,288.0,50.0,47,68,64,139.0,328.0
202332,Cole Aldrich,2016-17,00,1610612750,MIN,28.0,62,0,531.0,45.0,86.0,0.523,0,0,0.0,15.0,22.0,0.682,51,107,158.0,25.0,25,23,17,85.0,105.0
202332,Cole Aldrich,2017-18,00,1610612750,MIN,29.0,21,0,49.0,5.0,15.0,0.333,0,0,0.0,2.0,6.0,0.333,3,12,15.0,3.0,2,1,1,11.0,12.0
200746,LaMarcus Aldridge,2006-07,00,1610612757,POR,21.0,63,22,1392.0,241.0,479.0,0.503,0,2,0.0,83.0,115.0,0.722,144,168,312.0,24.0,22,73,43,186.0,565.0
200746,LaMarcus Aldridge,2007-08,00,1610612757,POR,22.0,76,76,2649.0,561.0,1160.0,0.484,1,7,0.143,227.0,298.0,0.762,220,358,578.0,122.0,55,94,126,240.0,1350.0
200746,LaMarcus Aldridge,2008-09,00,1610612757,POR,23.0,81,81,3004.0,601.0,1243.0,0.484,7,28,0.25,261.0,334.0,0.781,234,371,605.0,157.0,77,77,121,207.0,1470.0
200746,LaMarcus Aldridge,2009-10,00,1610612757,POR,24.0,78,78,2922.0,579.0,1169.0,0.495,5,16,0.313,230.0,304.0,0.757,192,435,627.0,160.0,67,48,104,231.0,1393.0
200746,LaMarcus Aldridge,2010-11,00,1610612757,POR,25.0,81,81,3211.0,707.0,1415.0,0.5,4,23,0.174,351.0,444.0,0.791,278,431,709.0,170.0,82,94,153,220.0,1769.0
200746,LaMarcus Aldridge,2011-12,00,1610612757,POR,26.0,55,55,1994.0,483.0,943.0,0.512,2,11,0.182,223.0,274.0,0.814,150,292,442.0,134.0,51,45,111,153.0,1191.0
200746,LaMarcus Aldridge,2012-13,00,1610612757,POR,27.0,74,74,2790.0,638.0,1318.0,0.484,2,14,0.143,282.0,348.0,0.81,175,495,670.0,192.0,62,91,143,187.0,1560.0
200746,LaMarcus Aldridge,2013-14,00,1610612757,POR,28.0,69,69,2499.0,652.0,1423.0,0.458,3,15,0.2,296.0,360.0,0.822,166,599,765.0,178.0,63,68,123,147.0,1603.0
200746,LaMarcus Aldridge,2014-15,00,1610612757,POR,29.0,71,71,2512.0,659.0,1415.0,0.466,37,105,0.352,306.0,362.0,0.845,177,549,726.0,124.0,48,68,122,125.0,1661.0
200746,LaMarcus Aldridge,2015-16,00,1610612759,SAS,30.0,74,74,2261.0,536.0,1045.0,0.513,0,16,0.0,259.0,302.0,0.858,176,456,632.0,110.0,38,81,99,151.0,1331.0
200746,LaMarcus Aldridge,2016-17,00,1610612759,SAS,31.0,72,72,2335.0,500.0,1049.0,0.477,23,56,0.411,220.0,271.0,0.812,172,351,523.0,139.0,46,88,98,158.0,1243.0
200746,LaMarcus Aldridge,2017-18,00,1610612759,SAS,32.0,75,75,2509.0,687.0,1347.0,0.51,27,92,0.293,334.0,399.0,0.837,246,389,635.0,152.0,43,90,111,161.0,1735.0
200746,LaMarcus Aldridge,2018-19,00,1610612759,SAS,33.0,81,81,2687.0,684.0,1319.0,0.519,10,42,0.238,349.0,412.0,0.847,251,493,744.0,194.0,43,107,144,179.0,1727.0
200746,LaMarcus Aldridge,2019-20,00,1610612759,SAS,34.0,53,53,1754.0,391.0,793.0,0.493,61,157,0.389,158.0,191.0,0.827,103,289,392.0,129.0,36,87,74,128.0,1001.0
200746,LaMarcus Aldridge,2020-21,00,1610612759,SAS,35.0,21,18,544.0,115.0,248.0,0.464,27,75,0.36,31.0,37.0,0.838,17,77,94.0,36.0,8,18,20,36.0,288.0
200746,LaMarcus Aldridge,2020-21,00,1610612751,BKN,35.0,5,5,130.0,25.0,48.0,0.521,4,5,0.8,10.0,10.0,1.0,2,22,24.0,13.0,3,11,7,11.0,64.0
200746,LaMarcus Aldridge,2020-21,00,0,TOT,35.0,26,23,674.0,140.0,296.0,0.473,31,80,0.388,41.0,47.0,0.872,19,99,118.0,49.0,11,29,27,47.0,352.0
200746,LaMarcus Aldridge,2021-22,00,1610612751,BKN,36.0,47,12,1050.0,252.0,458.0,0.55,14,46,0.304,89.0,102.0,0.873,73,185,258.0,42.0,14,47,44,78.0,607.0
76021,Chuck Aleksinas,1984-85,00,1610612744,GOS,26.0,74,4,1114.0,161.0,337.0,0.478,0,1,0.0,55.0,75.0,0.733,87,183,270.0,36.0,15,15,72,171.0,377.0
1626146,Cliff Alexander,2015-16,00,1610612757,POR,20.0,8,0,36.0,5.0,10.0,0.5,0,0,0.0,0.0,0.0,0.0,2,4,6.0,0.0,1,2,1,1.0,10.0
724,Cory Alexander,1995-96,00,1610612759,SAN,23.0,60,0,560.0,63.0,155.0,0.406,26,66,0.394,16.0,25.0,0.64,9,33,42.0,121.0,27,2,68,94.0,168.0
724,Cory Alexander,1996-97,00,1610612759,SAS,24.0,80,6,1451.0,194.0,490.0,0.396,94,252,0.373,95.0,129.0,0.736,29,94,123.0,254.0,82,16,146,148.0,577.0
724,Cory Alexander,1997-98,00,1610612759,SAS,25.0,37,3,501.0,60.0,145.0,0.414,20,64,0.313,25.0,37.0,0.676,7,40,47.0,71.0,25,5,47,53.0,165.0
724,Cory Alexander,1997-98,00,1610612743,DEN,25.0,23,19,797.0,111.0,255.0,0.435,46,112,0.411,55.0,65.0,0.846,10,89,99.0,138.0,45,6,65,45.0,323.0
724,Cory Alexander,1997-98,00,0,TOT,25.0,60,22,1298.0,171.0,400.0,0.428,66,176,0.375,80.0,102.0,0.784,17,129,146.0,209.0,70,11,112,98.0,488.0
724,Cory Alexander,1998-99,00,1610612743,DEN,26.0,36,4,778.0,97.0,260.0,0.373,30,105,0.286,37.0,44.0,0.841,7,67,74.0,119.0,35,5,69,77.0,261.0
724,Cory Alexander,1999-00,00,1610612743,DEN,27.0,29,2,329.0,28.0,98.0,0.286,9,35,0.257,17.0,22.0,0.773,8,34,42.0,58.0,24,2,28,39.0,82.0
724,Cory Alexander,2000-01,00,1610612753,ORL,28.0,26,0,223.0,18.0,56.0,0.321,4,16,0.25,12.0,18.0,0.667,0,25,25.0,36.0,16,0,25,29.0,52.0
724,Cory Alexander,2004-05,00,1610612766,CHA,32.0,16,1,201.0,16.0,49.0,0.327,8,19,0.421,9.0,12.0,0.75,8,21,29.0,37.0,9,1,19,29.0,49.0
2042,Courtney Alexander,2000-01,00,1610612742,DAL,24.0,38,6,472.0,62.0,178.0,0.348,3,10,0.3,33.0,45.0,0.733,20,43,63.0,21.0,16,3,21,76.0,160.0
2042,Courtney Alexander,2000-01,00,1610612764,WAS,24.0,27,18,910.0,177.0,395.0,0.448,14,36,0.389,90.0,105.0,0.857,22,58,80.0,41.0,29,2,54,63.0,458.0
2042,Courtney Alexander,2000-01,00,0,TOT,24.0,65,24,472.0,239.0,573.0,0.417,17,46,0.37,123.0,150.0,0.82,42,101,143.0,62.0,45,5,75,139.0,618.0
2042,Courtney Alexander,2001-02,00,1610612764,WAS,25.0,56,28,1325.0,223.0,474.0,0.47,5,18,0.278,98.0,121.0,0.81,43,105,148.0,86.0,35,7,60,113.0,549.0
2042,Courtney Alexander,2002-03,00,1610612740,NOH,26.0,66,7,1360.0,193.0,505.0,0.382,19,57,0.333,118.0,146.0,0.808,39,79,118.0,79.0,31,6,68,125.0,523.0
76022,Gary Alexander,1993-94,00,1610612748,MIA,24.0,4,0,12.0,1.0,2.0,0.5,0,0,0.0,0.0,2.0,0.0,1,2,3.0,1.0,0,0,1,3.0,2.0
76022,Gary Alexander,1993-94,00,1610612739,CLE,24.0,7,0,43.0,7.0,12.0,0.583,0,0,0.0,3.0,7.0,0.429,6,6,12.0,1.0,3,0,7,7.0,17.0
76022,Gary Alexander,1993-94,00,0,TOT,24.0,11,0,55.0,8.0,14.0,0.571,0,0,0.0,3.0,9.0,0.333,7,8,15.0,2.0,3,0,8,10.0,19.0
201570,Joe Alexander,2008-09,00,1610612749,MIL,22.0,59,0,716.0,102.0,245.0,0.416,16,46,0.348,58.0,83.0,0.699,44,71,115.0,42.0,15,29,52,107.0,278.0
201570,Joe Alexander,2009-10,00,1610612741,CHI,23.0,8,0,29.0,1.0,6.0,0.167,0,1,0.0,2.0,3.0,0.667,2,3,5.0,2.0,1,1,0,9.0,4.0
1629734,Kyle Alexander,2019-20,00,1610612748,MIA,23.0,2,0,13.0,1.0,2.0,0.5,0,0,0.0,0.0,0.0,0.0,2,1,3.0,0.0,0,0,1,1.0,2.0
1630234,Ty-Shon Alexander,2020-21,00,1610612756,PHX,22.0,15,0,47.0,3.0,12.0,0.25,2,9,0.222,1.0,2.0,0.5,2,8,10.0,6.0,0,1,3,2.0,9.0
2349,Victor Alexander,1991-92,00,1610612744,GOS,22.0,80,28,1350.0,243.0,459.0,0.529,0,1,0.0,103.0,149.0,0.691,106,230,336.0,32.0,45,62,91,176.0,589.0
2349,Victor Alexander,1992-93,00,1610612744,GOS,23.0,72,59,1753.0,344.0,667.0,0.516,10,22,0.455,111.0,162.0,0.685,132,288,420.0,93.0,34,53,120,218.0,809.0
2349,Victor Alexander,1993-94,00,1610612744,GOS,24.0,69,39,1318.0,266.0,502.0,0.53,2,13,0.154,68.0,129.0,0.527,114,194,308.0,66.0,28,32,86,168.0,602.0
2349,Victor Alexander,1994-95,00,1610612744,GOS,25.0,50,29,1237.0,230.0,447.0,0.515,6,25,0.24,36.0,60.0,0.6,87,204,291.0,60.0,28,29,76,145.0,502.0
2349,Victor Alexander,2001-02,00,1610612765,DET,32.0,15,0,97.0,18.0,51.0,0.353,0,2,0.0,4.0,8.0,0.5,7,22,29.0,6.0,0,1,5,6.0,40.0
1629638,Nickeil Alexander-Walker,2019-20,00,1610612740,NOP,21.0,47,1,591.0,98.0,266.0,0.368,46,133,0.346,25.0,37.0,0.676,9,75,84.0,89.0,17,8,54,57.0,267.0
1629638,Nickeil Alexander-Walker,2020-21,00,1610612740,NOP,22.0,46,13,1007.0,192.0,458.0,0.419,76,219,0.347,48.0,66.0,0.727,13,131,144.0,102.0,47,22,69,88.0,508.0
1629638,Nickeil Alexander-Walker,2021-22,00,1610612740,NOP,23.0,50,19,1317.0,237.0,632.0,0.375,95,305,0.311,70.0,97.0,0.722,36,128,164.0,139.0,41,19,85,88.0,639.0
1629638,Nickeil Alexander-Walker,2021-22,00,1610612762,UTA,23.0,15,2,149.0,16.0,48.0,0.333,10,33,0.303,11.0,12.0,0.917,1,22,23.0,17.0,5,4,8,15.0,53.0
1629638,Nickeil Alexander-Walker,2021-22,00,0,TOT,23.0,65,21,1466.0,253.0,680.0,0.372,105,338,0.311,81.0,109.0,0.743,37,150,187.0,156.0,46,23,93,103.0,692.0
1629638,Nickeil Alexander-Walker,2022-23,00,1610612762,UTA,24.0,36,3,528.0,83.0,170.0,0.488,35,87,0.402,27.0,39.0,0.692,8,51,59.0,76.0,24,14,45,58.0,228.0
1629638,Nickeil Alexander-Walker,2022-23,00,1610612750,MIN,24.0,23,0,356.0,48.0,125.0,0.384,26,72,0.361,13.0,21.0,0.619,7,35,42.0,32.0,8,7,10,30.0,135.0
1629638,Nickeil Alexander-Walker,2022-23,00,0,TOT,24.0,59,3,884.0,131.0,295.0,0.444,61,159,0.384,40.0,60.0,0.667,15,86,101.0,108.0,32,21,55,88.0,363.0
1629638,Nickeil Alexander-Walker,2023-24,00,1610612750,MIN,25.0,24,11,571.0,63.0,153.0,0.412,36,99,0.364,9.0,15.0,0.6,11,38,49.0,60.0,20,17,28,46.0,171.0
76024,Steve Alford,1987-88,00,1610612742,DAL,23.0,28,0,197.0,21.0,55.0,0.382,1,8,0.125,16.0,17.0,0.941,3,20,23.0,23.0,17,3,12,23.0,59.0
76024,Steve Alford,1988-89,00,1610612742,DAL,24.0,9,0,38.0,3.0,11.0,0.273,0,2,0.0,1.0,2.0,0.5,0,3,3.0,9.0,1,0,1,3.0,7.0
76024,Steve Alford,1988-89,00,1610612744,GOS,24.0,57,3,868.0,145.0,313.0,0.463,20,53,0.377,49.0,59.0,0.831,10,59,69.0,83.0,44,3,44,54.0,359.0
76024,Steve Alford,1988-89,00,0,TOT,24.0,66,3,906.0,148.0,324.0,0.457,20,55,0.364,50.0,61.0,0.82,10,62,72.0,92.0,45,3,45,57.0,366.0
76024,Steve Alford,1989-90,00,1610612742,DAL,25.0,41,0,302.0,63.0,138.0,0.457,7,22,0.318,35.0,37.0,0.946,2,23,25.0,39.0,15,3,16,22.0,168.0
76024,Steve Alford,1990-91,00,1610612742,DAL,26.0,34,0,236.0,59.0,117.0,0.504,7,23,0.304,26.0,31.0,0.839,10,14,24.0,22.0,8,1,16,11.0,151.0
1628959,Rawle Alkins,2018-19,00,1610612741,CHI,21.0,10,1,120.0,13.0,39.0,0.333,3,12,0.25,8.0,12.0,0.667,11,15,26.0,13.0,1,0,8,7.0,37.0
76028,Bob Allen,1968-69,00,1610612744,SFW,22.0,27,,232.0,14.0,43.0,0.326,,,,20.0,36.0,0.556,,,56.0,10.0,,,,27.0,48.0
1628960,Grayson Allen,2018-19,00,1610612762,UTA,23.0,38,2,416.0,67.0,178.0,0.376,32,99,0.323,45.0,60.0,0.75,3,20,23.0,25.0,6,6,33,47.0,211.0
1628960,Grayson Allen,2019-20,00,1610612763,MEM,24.0,38,0,718.0,117.0,251.0,0.466,57,141,0.404,39.0,45.0,0.867,8,77,85.0,52.0,10,2,33,53.0,330.0
1628960,Grayson Allen,2020-21,00,1610612763,MEM,25.0,50,38,1260.0,173.0,414.0,0.418,107,274,0.391,79.0,91.0,0.868,19,141,160.0,108.0,46,8,48,71.0,532.0
1628960,Grayson Allen,2021-22,00,1610612749,MIL,26.0,66,61,1805.0,255.0,569.0,0.448,159,389,0.409,64.0,74.0,0.865,32,190,222.0,100.0,46,18,43,96.0,733.0
1628960,Grayson Allen,2022-23,00,1610612749,MIL,27.0,72,70,1972.0,245.0,557.0,0.44,146,366,0.399,114.0,126.0,0.905,61,176,237.0,163.0,62,14,72,117.0,750.0
1628960,Grayson Allen,2023-24,00,1610612756,PHX,28.0,21,21,698.0,85.0,175.0,0.486,47,102,0.461,41.0,45.0,0.911,17,75,92.0,59.0,17,11,31,50.0,258.0
1628386,Jarrett Allen,2017-18,00,1610612751,BKN,20.0,72,31,1441.0,234.0,397.0,0.589,5,15,0.333,114.0,147.0,0.776,144,244,388.0,49.0,28,88,82,147.0,587.0
1628386,Jarrett Allen,2018-19,00,1610612751,BKN,21.0,80,80,2096.0,335.0,568.0,0.59,6,45,0.133,197.0,278.0,0.709,191,481,672.0,110.0,43,120,103,184.0,873.0
1628386,Jarrett Allen,2019-20,00,1610612751,BKN,22.0,70,64,1852.0,302.0,465.0,0.649,0,6,0.0,171.0,270.0,0.633,216,455,671.0,110.0,40,92,77,162.0,775.0
1628386,Jarrett Allen,2020-21,00,1610612751,BKN,23.0,12,5,320.0,44.0,65.0,0.677,0,0,0.0,46.0,61.0,0.754,38,87,125.0,20.0,7,19,22,21.0,134.0
1628386,Jarrett Allen,2020-21,00,1610612739,CLE,23.0,51,40,1544.0,254.0,417.0,0.609,6,19,0.316,158.0,229.0,0.69,158,348,506.0,86.0,25,71,78,75.0,672.0
1628386,Jarrett Allen,2020-21,00,0,TOT,23.0,63,45,1864.0,298.0,482.0,0.618,6,19,0.316,204.0,290.0,0.703,196,435,631.0,106.0,32,90,100,96.0,806.0
1628386,Jarrett Allen,2021-22,00,1610612739,CLE,24.0,56,56,1810.0,369.0,545.0,0.677,1,10,0.1,165.0,233.0,0.708,192,410,602.0,92.0,44,75,94,97.0,904.0
1628386,Jarrett Allen,2022-23,00,1610612739,CLE,25.0,68,68,2220.0,403.0,626.0,0.644,1,10,0.1,162.0,221.0,0.733,221,445,666.0,113.0,54,84,93,153.0,969.0
1628386,Jarrett Allen,2023-24,00,1610612739,CLE,25.0,21,21,611.0,114.0,167.0,0.683,0,0,0.0,44.0,63.0,0.698,61,116,177.0,48.0,16,20,40,59.0,272.0
706,Jerome Allen,1995-96,00,1610612750,MIN,23.0,41,0,362.0,36.0,105.0,0.343,10,33,0.303,26.0,36.0,0.722,5,20,25.0,49.0,21,5,34,42.0,108.0
706,Jerome Allen,1996-97,00,1610612754,IND,24.0,51,1,692.0,57.0,147.0,0.388,23,59,0.39,27.0,47.0,0.574,13,52,65.0,109.0,27,0,56,67.0,164.0
706,Jerome Allen,1996-97,00,1610612743,DEN,24.0,25,0,252.0,21.0,74.0,0.284,7,34,0.206,15.0,25.0,0.6,12,21,33.0,43.0,4,4,13,17.0,64.0
706,Jerome Allen,1996-97,00,0,TOT,24.0,76,1,944.0,78.0,221.0,0.353,30,93,0.323,42.0,72.0,0.583,25,73,98.0,152.0,31,4,69,84.0,228.0
1628443,Kadeem Allen,2017-18,00,1610612738,BOS,25.0,18,1,107.0,6.0,22.0,0.273,0,11,0.0,7.0,9.0,0.778,4,7,11.0,12.0,3,2,9,15.0,19.0
1628443,Kadeem Allen,2018-19,00,1610612752,NYK,26.0,19,1,416.0,65.0,141.0,0.461,17,36,0.472,42.0,54.0,0.778,8,43,51.0,76.0,16,4,26,46.0,189.0
1628443,Kadeem Allen,2019-20,00,1610612752,NYK,27.0,10,0,117.0,19.0,44.0,0.432,5,16,0.313,7.0,11.0,0.636,2,7,9.0,21.0,5,2,8,7.0,50.0
202730,Lavoy Allen,2011-12,00,1610612755,PHI,23.0,41,15,624.0,79.0,167.0,0.473,0,0,0.0,11.0,14.0,0.786,47,124,171.0,34.0,13,18,20,73.0,169.0
202730,Lavoy Allen,2012-13,00,1610612755,PHI,24.0,79,37,1669.0,206.0,454.0,0.454,0,1,0.0,43.0,60.0,0.717,159,236,395.0,73.0,24,55,55,180.0,455.0
202730,Lavoy Allen,2013-14,00,1610612755,PHI,25.0,51,2,960.0,117.0,266.0,0.44,2,13,0.154,27.0,40.0,0.675,106,171,277.0,65.0,22,27,40,115.0,263.0
202730,Lavoy Allen,2013-14,00,1610612754,IND,25.0,14,0,112.0,17.0,34.0,0.5,0,0,0.0,6.0,10.0,0.6,13,21,34.0,6.0,2,6,4,11.0,40.0
202730,Lavoy Allen,2013-14,00,0,TOT,25.0,65,2,1071.0,134.0,300.0,0.447,2,13,0.154,33.0,50.0,0.66,119,192,311.0,71.0,24,33,44,126.0,303.0
202730,Lavoy Allen,2014-15,00,1610612754,IND,26.0,63,0,1070.0,141.0,299.0,0.472,0,0,0.0,33.0,47.0,0.702,123,200,323.0,73.0,15,42,40,102.0,315.0
202730,Lavoy Allen,2015-16,00,1610612754,IND,27.0,79,28,1599.0,191.0,370.0,0.516,0,0,0.0,46.0,73.0,0.63,162,262,424.0,76.0,26,42,69,147.0,428.0
202730,Lavoy Allen,2016-17,00,1610612754,IND,28.0,61,5,871.0,77.0,168.0,0.458,0,1,0.0,23.0,33.0,0.697,105,114,219.0,57.0,18,24,29,78.0,177.0
76027,Lucius Allen,1969-70,00,1610612760,SEA,22.0,81,,1817.0,306.0,692.0,0.442,,,,182.0,249.0,0.731,,,211.0,342.0,,,,201.0,794.0
76027,Lucius Allen,1970-71,00,1610612749,MIL,23.0,61,,1162.0,178.0,398.0,0.447,,,,77.0,110.0,0.7,,,152.0,161.0,,,,108.0,433.0
76027,Lucius Allen,1971-72,00,1610612749,MIL,24.0,80,,2316.0,441.0,874.0,0.505,,,,198.0,259.0,0.764,,,254.0,333.0,,,,214.0,1080.0
76027,Lucius Allen,1972-73,00,1610612749,MIL,25.0,80,,2693.0,547.0,1130.0,0.484,,,,143.0,200.0,0.715,,,279.0,426.0,,,,188.0,1237.0
76027,Lucius Allen,1973-74,00,1610612749,MIL,26.0,72,,2388.0,526.0,1062.0,0.495,,,,216.0,274.0,0.788,89.0,202.0,291.0,374.0,137.0,22.0,,215.0,1268.0
76027,Lucius Allen,1974-75,00,1610612749,MIL,27.0,10,,342.0,68.0,164.0,0.415,,,,31.0,37.0,0.838,9.0,22.0,31.0,53.0,14.0,1.0,,23.0,167.0
76027,Lucius Allen,1974-75,00,1610612747,LAL,27.0,56,,2011.0,443.0,1006.0,0.44,,,,207.0,269.0,0.77,81.0,166.0,247.0,319.0,122.0,28.0,,194.0,1093.0
76027,Lucius Allen,1974-75,00,0,TOT,27.0,66,,2353.0,511.0,1170.0,0.437,,,,238.0,306.0,0.778,90.0,188.0,278.0,372.0,136.0,29.0,,217.0,1260.0
76027,Lucius Allen,1975-76,00,1610612747,LAL,28.0,76,,2388.0,461.0,1004.0,0.459,,,,197.0,254.0,0.776,64.0,150.0,214.0,357.0,101.0,20.0,,241.0,1119.0
76027,Lucius Allen,1976-77,00,1610612747,LAL,29.0,78,,2482.0,472.0,1035.0,0.456,,,,195.0,252.0,0.774,58.0,193.0,251.0,405.0,116.0,19.0,,183.0,1139.0
76027,Lucius Allen,1977-78,00,1610612758,KCK,30.0,77,,2147.0,373.0,846.0,0.441,,,,174.0,220.0,0.791,66.0,163.0,229.0,360.0,93.0,28.0,217.0,180.0,920.0
76027,Lucius Allen,1978-79,00,1610612758,KCK,31.0,31,,413.0,69.0,174.0,0.397,,,,19.0,33.0,0.576,14.0,32.0,46.0,44.0,21.0,6.0,30.0,52.0,157.0
2124,Malik Allen,2001-02,00,1610612748,MIA,24.0,12,2,161.0,22.0,51.0,0.431,0,1,0.0,8.0,10.0,0.8,15,23,38.0,5.0,3,8,2,16.0,52.0
2124,Malik Allen,2002-03,00,1610612748,MIA,25.0,80,73,2320.0,335.0,790.0,0.424,0,4,0.0,97.0,121.0,0.802,134,291,425.0,54.0,37,78,128,234.0,767.0
2124,Malik Allen,2003-04,00,1610612748,MIA,26.0,45,6,616.0,83.0,198.0,0.419,0,0,0.0,25.0,33.0,0.758,42,77,119.0,16.0,12,28,27,81.0,191.0
2124,Malik Allen,2004-05,00,1610612748,MIA,27.0,14,0,248.0,35.0,76.0,0.461,0,0,0.0,13.0,14.0,0.929,24,28,52.0,11.0,4,11,11,29.0,83.0
2124,Malik Allen,2004-05,00,1610612766,CHA,27.0,22,1,271.0,49.0,101.0,0.485,0,0,0.0,13.0,14.0,0.929,16,31,47.0,7.0,5,11,7,24.0,111.0
2124,Malik Allen,2004-05,00,0,TOT,27.0,36,1,519.0,84.0,177.0,0.475,0,0,0.0,26.0,28.0,0.929,40,59,99.0,18.0,9,22,18,53.0,194.0
2124,Malik Allen,2005-06,00,1610612741,CHI,28.0,54,20,701.0,121.0,247.0,0.49,1,1,1.0,23.0,38.0,0.605,44,96,140.0,20.0,14,16,34,92.0,266.0
2124,Malik Allen,2006-07,00,1610612741,CHI,29.0,60,1,638.0,107.0,258.0,0.415,0,1,0.0,28.0,34.0,0.824,42,77,119.0,16.0,17,16,21,85.0,242.0
2124,Malik Allen,2007-08,00,1610612751,NJN,30.0,48,12,763.0,124.0,261.0,0.475,1,2,0.5,12.0,13.0,0.923,42,86,128.0,29.0,15,21,32,89.0,261.0
2124,Malik Allen,2007-08,00,1610612742,DAL,30.0,25,4,333.0,33.0,66.0,0.5,0,0,0.0,11.0,12.0,0.917,24,44,68.0,15.0,4,10,13,60.0,77.0
2124,Malik Allen,2007-08,00,0,TOT,30.0,73,16,1096.0,157.0,327.0,0.48,1,2,0.5,23.0,25.0,0.92,66,130,196.0,44.0,19,31,45,149.0,338.0
2124,Malik Allen,2008-09,00,1610612749,MIL,31.0,49,3,579.0,73.0,170.0,0.429,0,1,0.0,10.0,21.0,0.476,35,68,103.0,35.0,7,12,20,89.0,156.0
2124,Malik Allen,2009-10,00,1610612743,DEN,32.0,51,3,456.0,46.0,116.0,0.397,1,6,0.167,12.0,13.0,0.923,36,46,82.0,16.0,11,5,22,68.0,105.0
2124,Malik Allen,2010-11,00,1610612753,ORL,33.0,18,0,178.0,11.0,31.0,0.355,0,0,0.0,1.0,2.0,0.5,12,20,32.0,4.0,1,4,3,30.0,23.0
76025,Randy Allen,1988-89,00,1610612758,SAC,24.0,7,0,43.0,8.0,19.0,0.421,0,1,0.0,1.0,2.0,0.5,3,4,7.0,0.0,1,1,2,7.0,17.0
76025,Randy Allen,1989-90,00,1610612758,SAC,25.0,63,6,746.0,106.0,239.0,0.444,0,7,0.0,23.0,43.0,0.535,49,89,138.0,23.0,16,19,28,102.0,235.0
951,Ray Allen,1996-97,00,1610612749,MIL,21.0,82,81,2538.0,390.0,908.0,0.43,117,298,0.393,205.0,249.0,0.823,97,229,326.0,210.0,75,10,149,218.0,1102.0
951,Ray Allen,1997-98,00,1610612749,MIL,22.0,82,82,3287.0,563.0,1315.0,0.428,134,368,0.364,342.0,391.0,0.875,127,278,405.0,356.0,111,12,263,244.0,1602.0
951,Ray Allen,1998-99,00,1610612749,MIL,23.0,50,50,1719.0,303.0,673.0,0.45,74,208,0.356,176.0,195.0,0.903,57,155,212.0,178.0,53,7,122,117.0,856.0
951,Ray Allen,1999-00,00,1610612749,MIL,24.0,82,82,3070.0,642.0,1411.0,0.455,172,407,0.423,353.0,398.0,0.887,83,276,359.0,308.0,110,19,183,187.0,1809.0
951,Ray Allen,2000-01,00,1610612749,MIL,25.0,82,82,3129.0,628.0,1309.0,0.48,202,467,0.433,348.0,392.0,0.888,101,327,428.0,374.0,124,20,204,192.0,1806.0
951,Ray Allen,2001-02,00,1610612749,MIL,26.0,69,67,2525.0,530.0,1148.0,0.462,229,528,0.434,214.0,245.0,0.873,81,231,312.0,271.0,88,18,159,157.0,1503.0
951,Ray Allen,2002-03,00,1610612749,MIL,27.0,47,46,1683.0,351.0,803.0,0.437,123,311,0.395,178.0,195.0,0.913,45,173,218.0,164.0,57,11,117,149.0,1003.0
951,Ray Allen,2002-03,00,1610612760,SEA,27.0,29,29,1197.0,247.0,560.0,0.441,78,222,0.351,138.0,150.0,0.92,49,114,163.0,170.0,46,3,81,71.0,710.0
951,Ray Allen,2002-03,00,0,TOT,27.0,76,75,2880.0,598.0,1363.0,0.439,201,533,0.377,316.0,345.0,0.916,94,287,381.0,334.0,103,14,198,220.0,1713.0
951,Ray Allen,2003-04,00,1610612760,SEA,28.0,56,56,2152.0,447.0,1017.0,0.44,148,378,0.392,245.0,271.0,0.904,69,217,286.0,268.0,71,11,156,132.0,1287.0
951,Ray Allen,2004-05,00,1610612760,SEA,29.0,78,78,3064.0,640.0,1494.0,0.428,209,556,0.376,378.0,428.0,0.883,79,268,347.0,289.0,84,5,171,167.0,1867.0
951,Ray Allen,2005-06,00,1610612760,SEA,30.0,78,78,3022.0,681.0,1500.0,0.454,269,653,0.412,324.0,359.0,0.903,71,261,332.0,286.0,105,16,188,151.0,1955.0
951,Ray Allen,2006-07,00,1610612760,SEA,31.0,55,55,2219.0,505.0,1153.0,0.438,165,443,0.372,279.0,309.0,0.903,57,190,247.0,228.0,82,11,154,113.0,1454.0
951,Ray Allen,2007-08,00,1610612738,BOS,32.0,73,73,2624.0,439.0,986.0,0.445,180,452,0.398,215.0,237.0,0.907,75,193,268.0,225.0,65,16,127,147.0,1273.0
951,Ray Allen,2008-09,00,1610612738,BOS,33.0,79,79,2876.0,499.0,1040.0,0.48,199,486,0.409,237.0,249.0,0.952,66,212,278.0,218.0,69,13,134,157.0,1434.0
951,Ray Allen,2009-10,00,1610612738,BOS,34.0,80,80,2819.0,464.0,973.0,0.477,145,399,0.363,231.0,253.0,0.913,45,208,253.0,210.0,64,25,129,182.0,1304.0
951,Ray Allen,2010-11,00,1610612738,BOS,35.0,80,80,2890.0,480.0,978.0,0.491,168,378,0.444,193.0,219.0,0.881,51,223,274.0,219.0,77,16,117,147.0,1321.0
951,Ray Allen,2011-12,00,1610612738,BOS,36.0,46,42,1565.0,226.0,493.0,0.458,106,234,0.453,97.0,106.0,0.915,14,128,142.0,109.0,49,8,68,83.0,655.0
951,Ray Allen,2012-13,00,1610612748,MIA,37.0,79,0,2035.0,292.0,651.0,0.449,139,332,0.419,140.0,158.0,0.886,40,177,217.0,135.0,67,15,103,129.0,863.0
951,Ray Allen,2013-14,00,1610612748,MIA,38.0,73,9,1936.0,240.0,543.0,0.442,116,309,0.375,105.0,116.0,0.905,23,182,205.0,143.0,54,8,84,115.0,701.0
2754,Tony Allen,2004-05,00,1610612738,BOS,23.0,77,34,1260.0,184.0,387.0,0.475,12,31,0.387,112.0,152.0,0.737,85,136,221.0,64.0,76,24,77,156.0,492.0
2754,Tony Allen,2005-06,00,1610612738,BOS,24.0,51,9,978.0,129.0,274.0,0.471,11,34,0.324,100.0,134.0,0.746,32,79,111.0,67.0,51,18,67,126.0,369.0
2754,Tony Allen,2006-07,00,1610612738,BOS,25.0,33,18,805.0,133.0,259.0,0.514,8,33,0.242,105.0,134.0,0.784,35,89,124.0,56.0,49,12,75,87.0,379.0
2754,Tony Allen,2007-08,00,1610612738,BOS,26.0,75,11,1373.0,169.0,389.0,0.434,18,57,0.316,138.0,181.0,0.762,34,134,168.0,114.0,62,21,109,168.0,494.0
2754,Tony Allen,2008-09,00,1610612738,BOS,27.0,46,2,887.0,137.0,284.0,0.482,6,27,0.222,79.0,109.0,0.725,22,82,104.0,66.0,54,23,77,98.0,359.0
2754,Tony Allen,2009-10,00,1610612738,BOS,28.0,54,8,889.0,129.0,253.0,0.51,0,5,0.0,72.0,119.0,0.605,52,93,145.0,72.0,59,19,66,109.0,330.0
2754,Tony Allen,2010-11,00,1610612763,MEM,29.0,72,31,1494.0,251.0,492.0,0.51,4,23,0.174,137.0,182.0,0.753,70,123,193.0,104.0,129,44,86,161.0,643.0
2754,Tony Allen,2011-12,00,1610612763,MEM,30.0,58,57,1525.0,210.0,448.0,0.469,8,26,0.308,140.0,175.0,0.8,98,135,233.0,79.0,104,33,94,142.0,568.0
2754,Tony Allen,2012-13,00,1610612763,MEM,31.0,79,79,2109.0,284.0,638.0,0.445,3,24,0.125,134.0,187.0,0.717,121,242,363.0,98.0,119,44,94,211.0,705.0
2754,Tony Allen,2013-14,00,1610612763,MEM,32.0,55,28,1278.0,204.0,413.0,0.494,11,47,0.234,76.0,121.0,0.628,79,129,208.0,94.0,90,19,90,121.0,495.0
2754,Tony Allen,2014-15,00,1610612763,MEM,33.0,63,41,1648.0,225.0,455.0,0.495,10,29,0.345,79.0,126.0,0.627,103,177,280.0,86.0,129,30,86,166.0,539.0
2754,Tony Allen,2015-16,00,1610612763,MEM,34.0,64,57,1620.0,215.0,469.0,0.458,15,42,0.357,90.0,138.0,0.652,104,192,296.0,70.0,110,18,78,175.0,535.0
2754,Tony Allen,2016-17,00,1610612763,MEM,35.0,71,66,1914.0,274.0,595.0,0.461,15,54,0.278,80.0,130.0,0.615,166,225,391.0,98.0,115,29,100,178.0,643.0
2754,Tony Allen,2017-18,00,1610612740,NOP,36.0,22,0,273.0,44.0,91.0,0.484,4,12,0.333,11.0,21.0,0.524,20,27,47.0,9.0,11,3,19,49.0,103.0
76029,Odis Allison,1971-72,00,1610612744,GOS,22.0,36,,166.0,17.0,78.0,0.218,,,,33.0,61.0,0.541,,,45.0,10.0,,,,34.0,67.0
200984,Lance Allred,2007-08,00,1610612739,CLE,27.0,3,0,10.0,1.0,4.0,0.25,0,0,0.0,1.0,2.0,0.5,0,1,1.0,0.0,0,0,0,1.0,3.0
76030,Darrell Allums,1980-81,00,1610612742,DAL,22.0,22,3,276.0,23.0,67.0,0.343,0,1,0.0,13.0,22.0,0.591,19,46,65.0,25.0,5,8,23,51.0,59.0
201165,Morris Almond,2007-08,00,1610612762,UTA,23.0,9,0,39.0,4.0,15.0,0.267,1,4,0.25,4.0,6.0,0.667,0,2,2.0,3.0,1,0,2,5.0,13.0
201165,Morris Almond,2008-09,00,1610612762,UTA,24.0,25,1,255.0,33.0,81.0,0.407,5,17,0.294,21.0,26.0,0.808,9,27,36.0,7.0,4,4,16,31.0,92.0
201165,Morris Almond,2011-12,00,1610612764,WAS,27.0,4,0,67.0,6.0,17.0,0.353,1,3,0.333,1.0,3.0,0.333,1,7,8.0,2.0,7,0,1,6.0,14.0
308,Derrick Alston,1994-95,00,1610612755,PHL,22.0,64,1,1032.0,120.0,258.0,0.465,0,4,0.0,59.0,120.0,0.492,98,121,219.0,33.0,39,35,53,107.0,299.0
308,Derrick Alston,1995-96,00,1610612755,PHL,23.0,73,41,1614.0,198.0,387.0,0.512,1,3,0.333,55.0,112.0,0.491,127,175,302.0,61.0,56,52,59,191.0,452.0
308,Derrick Alston,1996-97,00,1610612737,ATL,24.0,2,0,11.0,0.0,5.0,0.0,0,0,0.0,0.0,2.0,0.0,3,1,4.0,0.0,0,0,0,0.0,0.0
1747,Rafer Alston,1999-00,00,1610612749,MIL,23.0,27,0,361.0,27.0,95.0,0.284,3,14,0.214,3.0,4.0,0.75,5,18,23.0,70.0,12,0,29,29.0,60.0
1747,Rafer Alston,2000-01,00,1610612749,MIL,24.0,37,2,287.0,30.0,84.0,0.357,8,30,0.267,9.0,13.0,0.692,4,27,31.0,68.0,13,0,20,27.0,77.0
1747,Rafer Alston,2001-02,00,1610612749,MIL,25.0,50,7,596.0,66.0,191.0,0.346,27,71,0.38,18.0,29.0,0.621,10,62,72.0,143.0,32,2,40,42.0,177.0
1747,Rafer Alston,2002-03,00,1610612761,TOR,26.0,47,4,983.0,139.0,335.0,0.415,51,130,0.392,37.0,54.0,0.685,21,86,107.0,192.0,38,15,86,120.0,366.0
1747,Rafer Alston,2003-04,00,1610612748,MIA,27.0,82,28,2581.0,287.0,764.0,0.376,161,434,0.371,103.0,134.0,0.769,26,200,226.0,372.0,114,18,128,212.0,838.0
1747,Rafer Alston,2004-05,00,1610612761,TOR,28.0,80,78,2718.0,403.0,974.0,0.414,139,389,0.357,191.0,258.0,0.74,42,237,279.0,514.0,118,7,170,212.0,1136.0
1747,Rafer Alston,2005-06,00,1610612745,HOU,29.0,63,63,2431.0,280.0,738.0,0.379,102,312,0.327,99.0,143.0,0.692,36,219,255.0,425.0,101,15,157,194.0,761.0
1747,Rafer Alston,2006-07,00,1610612745,HOU,30.0,82,82,3040.0,383.0,1020.0,0.375,192,529,0.363,130.0,177.0,0.734,29,253,282.0,444.0,129,10,170,195.0,1088.0
1747,Rafer Alston,2007-08,00,1610612745,HOU,31.0,74,74,2526.0,364.0,924.0,0.394,143,407,0.351,98.0,137.0,0.715,28,232,260.0,392.0,98,18,160,139.0,969.0
1747,Rafer Alston,2008-09,00,1610612745,HOU,32.0,48,48,1591.0,193.0,522.0,0.37,80,230,0.348,86.0,109.0,0.789,25,119,144.0,258.0,57,7,88,72.0,552.0
1747,Rafer Alston,2008-09,00,1610612753,ORL,32.0,29,28,856.0,123.0,298.0,0.413,32,101,0.317,70.0,99.0,0.707,8,75,83.0,148.0,51,3,52,63.0,348.0
1747,Rafer Alston,2008-09,00,0,TOT,32.0,77,76,2447.0,316.0,820.0,0.385,112,331,0.338,156.0,208.0,0.75,33,194,227.0,406.0,108,10,140,135.0,900.0
1747,Rafer Alston,2009-10,00,1610612751,NJN,33.0,27,13,766.0,95.0,277.0,0.343,28,87,0.322,44.0,54.0,0.815,9,66,75.0,104.0,27,5,61,50.0,262.0
1747,Rafer Alston,2009-10,00,1610612748,MIA,33.0,25,25,655.0,60.0,169.0,0.355,30,81,0.37,15.0,27.0,0.556,4,50,54.0,72.0,23,5,34,53.0,165.0
1747,Rafer Alston,2009-10,00,0,TOT,33.0,52,38,1420.0,155.0,446.0,0.348,58,168,0.345,59.0,81.0,0.728,13,116,129.0,176.0,50,10,95,103.0,427.0
1824,Peter Aluma,1998-99,00,1610612758,SAC,26.0,2,0,5.0,1.0,2.0,0.5,0,0,0.0,0.0,0.0,0.0,1,1,2.0,0.0,1,1,2,4.0,2.0
1630631,Jose Alvarado,2021-22,00,1610612740,NOP,24.0,54,1,834.0,131.0,294.0,0.446,32,110,0.291,36.0,53.0,0.679,25,75,100.0,152.0,71,7,40,73.0,330.0
1630631,Jose Alvarado,2022-23,00,1610612740,NOP,25.0,61,10,1310.0,201.0,489.0,0.411,83,247,0.336,65.0,80.0,0.813,28,113,141.0,186.0,67,10,81,125.0,550.0
1630631,Jose Alvarado,2023-24,00,1610612740,NOP,25.0,13,0,227.0,33.0,79.0,0.418,19,44,0.432,12.0,20.0,0.6,6,28,34.0,29.0,16,5,14,19.0,97.0
680,John Amaechi,1995-96,00,1610612739,CLE,25.0,28,3,357.0,29.0,70.0,0.414,0,0,0.0,19.0,33.0,0.576,13,39,52.0,9.0,6,11,34,49.0,77.0
680,John Amaechi,1999-00,00,1610612753,ORL,29.0,80,53,1684.0,306.0,700.0,0.437,1,6,0.167,223.0,291.0,0.766,62,204,266.0,95.0,35,37,139,161.0,836.0
680,John Amaechi,2000-01,00,1610612753,ORL,30.0,82,36,1711.0,237.0,592.0,0.4,0,7,0.0,176.0,279.0,0.631,77,191,268.0,74.0,28,29,124,175.0,650.0
680,John Amaechi,2001-02,00,1610612762,UTA,31.0,54,0,586.0,54.0,166.0,0.325,0,0,0.0,67.0,105.0,0.638,52,57,109.0,29.0,7,10,55,64.0,175.0
680,John Amaechi,2002-03,00,1610612762,UTA,32.0,50,1,475.0,37.0,118.0,0.314,0,0,0.0,25.0,52.0,0.481,26,51,77.0,21.0,14,7,34,50.0,99.0
732,Ashraf Amaya,1995-96,00,1610612763,VAN,24.0,54,34,1104.0,121.0,252.0,0.48,0,1,0.0,97.0,149.0,0.651,114,189,303.0,33.0,22,10,57,151.0,339.0
732,Ashraf Amaya,1996-97,00,1610612764,WAS,25.0,31,0,145.0,12.0,40.0,0.3,1,1,1.0,15.0,28.0,0.536,19,33,52.0,3.0,7,3,10,29.0,40.0
202329,Al-Farouq Aminu,2010-11,00,1610612746,LAC,20.0,81,14,1452.0,160.0,406.0,0.394,45,143,0.315,92.0,119.0,0.773,75,192,267.0,60.0,59,25,103,121.0,457.0
202329,Al-Farouq Aminu,2011-12,00,1610612740,NOH,21.0,66,21,1477.0,150.0,365.0,0.411,13,47,0.277,86.0,114.0,0.754,95,213,308.0,66.0,59,34,91,136.0,399.0
202329,Al-Farouq Aminu,2012-13,00,1610612740,NOH,22.0,76,71,2066.0,225.0,474.0,0.475,4,19,0.211,101.0,137.0,0.737,139,446,585.0,103.0,92,51,116,153.0,555.0
202329,Al-Farouq Aminu,2013-14,00,1610612740,NOP,23.0,80,65,2045.0,234.0,494.0,0.474,13,48,0.271,91.0,137.0,0.664,129,367,496.0,114.0,82,38,88,147.0,572.0
202329,Al-Farouq Aminu,2014-15,00,1610612742,DAL,24.0,74,3,1366.0,147.0,357.0,0.412,34,124,0.274,84.0,118.0,0.712,114,228,342.0,59.0,70,62,55,137.0,412.0
202329,Al-Farouq Aminu,2015-16,00,1610612757,POR,25.0,82,82,2341.0,299.0,719.0,0.416,126,349,0.361,115.0,156.0,0.737,98,401,499.0,138.0,72,53,120,171.0,839.0
202329,Al-Farouq Aminu,2016-17,00,1610612757,POR,26.0,61,25,1773.0,183.0,466.0,0.393,70,212,0.33,96.0,136.0,0.706,77,374,451.0,99.0,60,44,94,102.0,532.0
202329,Al-Farouq Aminu,2017-18,00,1610612757,POR,27.0,69,67,2072.0,230.0,582.0,0.395,125,339,0.369,59.0,80.0,0.738,97,428,525.0,84.0,79,40,79,136.0,644.0
202329,Al-Farouq Aminu,2018-19,00,1610612757,POR,28.0,81,81,2292.0,257.0,593.0,0.433,96,280,0.343,150.0,173.0,0.867,112,498,610.0,104.0,68,33,72,143.0,760.0
202329,Al-Farouq Aminu,2019-20,00,1610612753,ORL,29.0,18,2,380.0,25.0,86.0,0.291,9,36,0.25,19.0,29.0,0.655,24,63,87.0,21.0,18,8,17,27.0,78.0
202329,Al-Farouq Aminu,2020-21,00,1610612753,ORL,30.0,17,14,367.0,36.0,89.0,0.404,7,31,0.226,14.0,17.0,0.824,20,71,91.0,29.0,17,9,25,22.0,93.0
202329,Al-Farouq Aminu,2020-21,00,1610612741,CHI,30.0,6,0,67.0,2.0,10.0,0.2,1,6,0.167,4.0,5.0,0.8,2,17,19.0,2.0,2,0,3,7.0,9.0
202329,Al-Farouq Aminu,2020-21,00,0,TOT,30.0,23,14,434.0,38.0,99.0,0.384,8,37,0.216,18.0,22.0,0.818,22,88,110.0,31.0,19,9,28,29.0,102.0
200811,Lou Amundson,2006-07,00,1610612762,UTA,24.0,1,0,2.0,0.0,0.0,0.0,0,0,0.0,0.0,0.0,0.0,0,0,0.0,0.0,0,0,0,0.0,0.0
200811,Lou Amundson,2006-07,00,1610612755,PHI,24.0,10,0,87.0,6.0,15.0,0.4,0,0,0.0,4.0,10.0,0.4,13,15,28.0,1.0,1,8,5,15.0,16.0
200811,Lou Amundson,2006-07,00,0,TOT,24.0,11,0,89.0,6.0,15.0,0.4,0,0,0.0,4.0,10.0,0.4,13,15,28.0,1.0,1,8,5,15.0,16.0
200811,Lou Amundson,2007-08,00,1610612755,PHI,25.0,16,0,64.0,8.0,16.0,0.5,0,0,0.0,2.0,7.0,0.286,7,5,12.0,0.0,1,1,2,13.0,18.0
200811,Lou Amundson,2008-09,00,1610612756,PHX,26.0,76,0,1044.0,134.0,250.0,0.536,0,1,0.0,53.0,120.0,0.442,128,142,270.0,28.0,32,65,56,154.0,321.0
200811,Lou Amundson,2009-10,00,1610612756,PHX,27.0,79,0,1168.0,152.0,276.0,0.551,0,1,0.0,67.0,123.0,0.545,128,218,346.0,31.0,24,73,57,169.0,371.0
200811,Lou Amundson,2010-11,00,1610612744,GSW,28.0,46,7,691.0,83.0,183.0,0.454,0,0,0.0,34.0,87.0,0.391,81,104,185.0,17.0,14,33,24,87.0,200.0
200811,Lou Amundson,2011-12,00,1610612754,IND,29.0,60,0,753.0,89.0,207.0,0.43,0,0,0.0,35.0,82.0,0.427,94,128,222.0,14.0,27,44,45,125.0,213.0
200811,Lou Amundson,2012-13,00,1610612750,MIN,30.0,20,0,161.0,14.0,38.0,0.368,0,0,0.0,4.0,20.0,0.2,23,24,47.0,3.0,7,6,11,26.0,32.0
200811,Lou Amundson,2012-13,00,1610612741,CHI,30.0,1,0,2.0,0.0,1.0,0.0,0,0,0.0,0.0,0.0,0.0,1,0,1.0,0.0,0,0,0,0.0,0.0
200811,Lou Amundson,2012-13,00,1610612740,NOH,30.0,18,0,209.0,18.0,42.0,0.429,0,0,0.0,8.0,16.0,0.5,24,34,58.0,8.0,9,6,8,27.0,44.0
200811,Lou Amundson,2012-13,00,0,TOT,30.0,39,0,371.0,32.0,81.0,0.395,0,0,0.0,12.0,36.0,0.333,48,58,106.0,11.0,16,12,19,53.0,76.0
200811,Lou Amundson,2013-14,00,1610612740,NOP,31.0,18,0,184.0,16.0,32.0,0.5,0,0,0.0,6.0,24.0,0.25,28,27,55.0,6.0,9,11,14,49.0,38.0
200811,Lou Amundson,2013-14,00,1610612741,CHI,31.0,1,0,1.0,0.0,0.0,0.0,0,0,0.0,0.0,0.0,0.0,0,0,0.0,0.0,0,0,0,0.0,0.0
200811,Lou Amundson,2013-14,00,0,TOT,31.0,19,0,185.0,16.0,32.0,0.5,0,0,0.0,6.0,24.0,0.25,28,27,55.0,6.0,9,11,14,49.0,38.0
200811,Lou Amundson,2014-15,00,1610612739,CLE,32.0,12,0,79.0,4.0,12.0,0.333,0,0,0.0,3.0,5.0,0.6,5,15,20.0,5.0,1,0,5,11.0,11.0
200811,Lou Amundson,2014-15,00,1610612752,NYK,32.0,41,35,858.0,105.0,243.0,0.432,0,1,0.0,38.0,82.0,0.463,89,159,248.0,65.0,21,52,57,115.0,248.0
200811,Lou Amundson,2014-15,00,0,TOT,32.0,53,35,937.0,109.0,255.0,0.427,0,1,0.0,41.0,87.0,0.471,94,174,268.0,70.0,22,52,62,126.0,259.0
200811,Lou Amundson,2015-16,00,1610612752,NYK,33.0,29,0,204.0,19.0,53.0,0.358,0,0,0.0,14.0,27.0,0.519,23,26,49.0,12.0,6,7,15,44.0,52.0
76034,Bob Anderegg,1959-60,00,1610612752,NYK,22.0,33,,373.0,55.0,143.0,0.385,,,,23.0,42.0,0.548,,,69.0,29.0,,,,32.0,133.0
2365,Chris Andersen,2001-02,00,1610612743,DEN,23.0,24,1,261.0,25.0,74.0,0.338,0,4,0.0,22.0,28.0,0.786,38,38,76.0,7.0,7,28,13,35.0,72.0
2365,Chris Andersen,2002-03,00,1610612743,DEN,24.0,59,3,903.0,114.0,285.0,0.4,0,1,0.0,77.0,140.0,0.55,109,165,274.0,32.0,30,60,60,90.0,305.0
2365,Chris Andersen,2003-04,00,1610612743,DEN,25.0,71,0,1029.0,90.0,203.0,0.443,0,1,0.0,63.0,107.0,0.589,89,209,298.0,35.0,34,114,48,119.0,243.0
2365,Chris Andersen,2004-05,00,1610612740,NOH,26.0,67,2,1430.0,191.0,358.0,0.534,0,3,0.0,131.0,190.0,0.689,137,273,410.0,71.0,14,100,64,144.0,513.0
2365,Chris Andersen,2005-06,00,1610612740,NOK,27.0,32,2,570.0,56.0,98.0,0.571,0,0,0.0,49.0,103.0,0.476,61,94,155.0,6.0,8,41,26,84.0,161.0
2365,Chris Andersen,2007-08,00,1610612740,NOH,29.0,5,0,34.0,2.0,7.0,0.286,0,0,0.0,2.0,4.0,0.5,2,7,9.0,0.0,0,4,1,6.0,6.0
2365,Chris Andersen,2008-09,00,1610612743,DEN,30.0,71,1,1460.0,160.0,292.0,0.548,2,10,0.2,130.0,181.0,0.718,163,279,442.0,31.0,41,175,69,174.0,452.0
2365,Chris Andersen,2009-10,00,1610612743,DEN,31.0,76,0,1695.0,142.0,251.0,0.566,0,3,0.0,164.0,236.0,0.695,147,336,483.0,33.0,42,143,59,171.0,448.0
2365,Chris Andersen,2010-11,00,1610612743,DEN,32.0,45,0,732.0,82.0,137.0,0.599,0,1,0.0,86.0,135.0,0.637,75,144,219.0,20.0,23,58,25,79.0,250.0
2365,Chris Andersen,2011-12,00,1610612743,DEN,33.0,32,1,486.0,59.0,108.0,0.546,0,0,0.0,50.0,82.0,0.61,48,100,148.0,6.0,19,46,17,52.0,168.0
2365,Chris Andersen,2012-13,00,1610612748,MIA,34.0,42,0,624.0,71.0,123.0,0.577,2,3,0.667,63.0,93.0,0.677,57,115,172.0,17.0,16,44,24,89.0,207.0
2365,Chris Andersen,2013-14,00,1610612748,MIA,35.0,72,0,1396.0,177.0,275.0,0.644,3,12,0.25,120.0,169.0,0.71,129,250,379.0,19.0,32,97,53,162.0,477.0
2365,Chris Andersen,2014-15,00,1610612748,MIA,36.0,60,20,1132.0,120.0,207.0,0.58,4,13,0.308,76.0,114.0,0.667,76,223,299.0,43.0,26,61,40,88.0,320.0
2365,Chris Andersen,2015-16,00,1610612748,MIA,37.0,7,1,36.0,4.0,10.0,0.4,2,5,0.4,3.0,4.0,0.75,3,6,9.0,3.0,1,3,2,4.0,13.0
2365,Chris Andersen,2015-16,00,1610612763,MEM,37.0,20,14,366.0,34.0,62.0,0.548,2,9,0.222,22.0,32.0,0.688,33,56,89.0,9.0,14,10,7,25.0,92.0
2365,Chris Andersen,2015-16,00,0,TOT,37.0,27,15,403.0,38.0,72.0,0.528,4,14,0.286,25.0,36.0,0.694,36,62,98.0,12.0,15,13,9,29.0,105.0
2365,Chris Andersen,2016-17,00,1610612739,CLE,38.0,12,0,114.0,9.0,22.0,0.409,0,3,0.0,10.0,14.0,0.714,9,22,31.0,5.0,5,7,5,20.0,28.0
2431,David Andersen,2009-10,00,1610612745,HOU,30.0,63,0,891.0,147.0,340.0,0.432,27,78,0.346,46.0,67.0,0.687,54,154,208.0,44.0,15,12,37,119.0,367.0
2431,David Andersen,2010-11,00,1610612761,TOR,31.0,11,0,150.0,23.0,47.0,0.489,3,10,0.3,7.0,7.0,1.0,8,26,34.0,7.0,3,3,8,11.0,56.0
2431,David Andersen,2010-11,00,1610612740,NOH,31.0,29,0,223.0,33.0,74.0,0.446,5,13,0.385,7.0,15.0,0.467,12,38,50.0,6.0,2,6,14,29.0,78.0
2431,David Andersen,2010-11,00,0,TOT,31.0,40,0,373.0,56.0,121.0,0.463,8,23,0.348,14.0,22.0,0.636,20,64,84.0,13.0,5,9,22,40.0,134.0
101187,Alan Anderson,2005-06,00,1610612766,CHA,23.0,36,7,564.0,75.0,181.0,0.414,24,58,0.414,33.0,41.0,0.805,23,47,70.0,32.0,11,4,32,48.0,207.0
101187,Alan Anderson,2006-07,00,1610612766,CHA,24.0,17,0,256.0,37.0,81.0,0.457,5,20,0.25,19.0,23.0,0.826,11,21,32.0,21.0,7,0,22,33.0,98.0
101187,Alan Anderson,2011-12,00,1610612761,TOR,29.0,17,12,461.0,55.0,142.0,0.387,24,61,0.393,29.0,34.0,0.853,8,26,34.0,26.0,5,3,25,35.0,163.0
101187,Alan Anderson,2012-13,00,1610612761,TOR,30.0,65,2,1495.0,236.0,616.0,0.383,95,285,0.333,126.0,147.0,0.857,34,114,148.0,103.0,48,7,80,131.0,693.0
101187,Alan Anderson,2013-14,00,1610612751,BKN,31.0,78,26,1773.0,194.0,485.0,0.4,84,248,0.339,92.0,118.0,0.78,40,135,175.0,81.0,48,11,62,147.0,564.0
101187,Alan Anderson,2014-15,00,1610612751,BKN,32.0,74,19,1744.0,195.0,440.0,0.443,73,210,0.348,82.0,101.0,0.812,31,173,204.0,83.0,56,5,60,148.0,545.0
101187,Alan Anderson,2015-16,00,1610612764,WAS,33.0,13,0,192.0,21.0,59.0,0.356,12,37,0.324,11.0,15.0,0.733,1,26,27.0,14.0,4,1,2,25.0,65.0
101187,Alan Anderson,2016-17,00,1610612746,LAC,34.0,30,0,308.0,30.0,80.0,0.375,14,44,0.318,12.0,16.0,0.75,3,21,24.0,11.0,3,0,7,35.0,86.0
202079,Antonio Anderson,2009-10,00,1610612760,OKC,25.0,1,0,15.0,1.0,3.0,0.333,0,0,0.0,0.0,0.0,0.0,1,0,1.0,0.0,0,0,1,1.0,2.0
76035,Cliff Anderson,1967-68,00,1610612747,LAL,23.0,18,,94.0,7.0,29.0,0.241,,,,12.0,28.0,0.429,,,11.0,17.0,,,,18.0,26.0
76035,Cliff Anderson,1968-69,00,1610612747,LAL,24.0,35,,289.0,44.0,108.0,0.407,,,,47.0,82.0,0.573,,,44.0,31.0,,,,58.0,135.0
76035,Cliff Anderson,1970-71,00,1610612739,CLE,26.0,23,,171.0,19.0,59.0,0.322,,,,41.0,60.0,0.683,,,37.0,16.0,,,,22.0,79.0
76035,Cliff Anderson,1970-71,00,1610612755,PHL,26.0,5,,27.0,1.0,6.0,0.167,,,,5.0,7.0,0.714,,,11.0,4.0,,,,7.0,7.0
76035,Cliff Anderson,1970-71,00,0,TOT,26.0,28,,198.0,20.0,65.0,0.308,,,,46.0,67.0,0.687,,,48.0,20.0,,,,29.0,86.0
76036,Daniel Anderson,1974-75,00,1610612757,POR,24.0,43,,453.0,47.0,105.0,0.448,,,,26.0,30.0,0.867,8,21,29.0,81.0,16,1,,44.0,120.0
76036,Daniel Anderson,1975-76,00,1610612757,POR,25.0,52,,614.0,88.0,181.0,0.486,,,,51.0,61.0,0.836,15,47,62.0,85.0,20,2,,58.0,227.0
1507,Derek Anderson,1997-98,00,1610612739,CLE,23.0,66,13,1839.0,239.0,586.0,0.408,17,84,0.202,275.0,315.0,0.873,55,132,187.0,227.0,86,13,128,136.0,770.0
1507,Derek Anderson,1998-99,00,1610612739,CLE,24.0,38,13,978.0,125.0,314.0,0.398,21,69,0.304,138.0,165.0,0.836,20,89,109.0,145.0,48,4,82,73.0,409.0
1507,Derek Anderson,1999-00,00,1610612746,LAC,25.0,64,58,2201.0,377.0,860.0,0.438,55,178,0.309,271.0,309.0,0.877,80,178,258.0,220.0,90,11,167,149.0,1080.0
1507,Derek Anderson,2000-01,00,1610612759,SAS,26.0,82,82,2860.0,413.0,993.0,0.416,101,253,0.399,342.0,402.0,0.851,75,288,363.0,301.0,120,14,165,188.0,1269.0
1507,Derek Anderson,2001-02,00,1610612757,POR,27.0,70,27,1856.0,247.0,612.0,0.404,85,228,0.373,178.0,208.0,0.856,47,142,189.0,216.0,68,8,87,113.0,757.0
1507,Derek Anderson,2002-03,00,1610612757,POR,28.0,76,76,2554.0,355.0,832.0,0.427,116,331,0.35,231.0,269.0,0.859,53,211,264.0,325.0,90,16,128,141.0,1057.0
1507,Derek Anderson,2003-04,00,1610612757,POR,29.0,51,46,1809.0,230.0,612.0,0.376,79,259,0.305,155.0,188.0,0.824,26,156,182.0,228.0,66,3,90,79.0,694.0
1507,Derek Anderson,2004-05,00,1610612757,POR,30.0,47,32,1238.0,152.0,391.0,0.389,58,151,0.384,70.0,87.0,0.805,25,103,128.0,143.0,36,4,70,89.0,432.0
1507,Derek Anderson,2005-06,00,1610612745,HOU,31.0,20,8,582.0,68.0,173.0,0.393,19,67,0.284,61.0,73.0,0.836,12,71,83.0,53.0,15,4,37,49.0,216.0
1507,Derek Anderson,2005-06,00,1610612748,MIA,31.0,23,3,465.0,40.0,130.0,0.308,21,67,0.313,32.0,38.0,0.842,9,51,60.0,48.0,8,2,17,49.0,133.0
1507,Derek Anderson,2005-06,00,0,TOT,31.0,43,11,1047.0,108.0,303.0,0.356,40,134,0.299,93.0,111.0,0.838,21,122,143.0,101.0,23,6,54,98.0,349.0
1507,Derek Anderson,2006-07,00,1610612766,CHA,32.0,50,32,1190.0,126.0,294.0,0.429,54,152,0.355,93.0,106.0,0.877,29,84,113.0,133.0,52,7,56,115.0,399.0
1507,Derek Anderson,2007-08,00,1610612766,CHA,33.0,28,0,396.0,47.0,125.0,0.376,19,52,0.365,28.0,38.0,0.737,9,43,52.0,44.0,12,1,25,49.0,141.0
76037,Dwight Anderson,1982-83,00,1610612743,DEN,22.0,5,0,33.0,7.0,14.0,0.5,0,0,0.0,7.0,10.0,0.7,0,2,2.0,3.0,1,0,5,7.0,21.0
944,Eric Anderson,1992-93,00,1610612752,NYK,23.0,16,0,44.0,5.0,18.0,0.278,0,0,0.0,11.0,13.0,0.846,6,8,14.0,3.0,3,1,5,14.0,21.0
944,Eric Anderson,1993-94,00,1610612752,NYK,24.0,11,0,39.0,7.0,17.0,0.412,2,2,1.0,5.0,14.0,0.357,6,11,17.0,2.0,0,1,2,9.0,21.0
246,Greg Anderson,1987-88,00,1610612759,SAN,24.0,82,45,1984.0,379.0,756.0,0.501,1,5,0.2,198.0,328.0,0.604,161,352,513.0,79.0,54,122,143,228.0,957.0
246,Greg Anderson,1988-89,00,1610612759,SAN,25.0,82,56,2401.0,460.0,914.0,0.503,0,3,0.0,207.0,403.0,0.514,255,421,676.0,61.0,102,103,180,221.0,1127.0
246,Greg Anderson,1989-90,00,1610612749,MIL,26.0,60,28,1291.0,219.0,432.0,0.507,0,0,0.0,91.0,170.0,0.535,112,261,373.0,24.0,32,54,80,176.0,529.0
246,Greg Anderson,1990-91,00,1610612749,MIL,27.0,26,0,247.0,27.0,73.0,0.37,0,1,0.0,16.0,28.0,0.571,26,49,75.0,3.0,8,9,22,29.0,70.0
246,Greg Anderson,1990-91,00,1610612751,NJN,27.0,1,0,18.0,4.0,4.0,1.0,0,0,0.0,0.0,0.0,0.0,4,2,6.0,1.0,2,0,1,4.0,8.0
246,Greg Anderson,1990-91,00,1610612743,DEN,27.0,41,2,659.0,85.0,193.0,0.44,0,0,0.0,44.0,87.0,0.506,67,170,237.0,12.0,25,36,61,107.0,214.0
246,Greg Anderson,1990-91,00,0,TOT,27.0,68,2,924.0,116.0,270.0,0.43,0,1,0.0,60.0,115.0,0.522,97,221,318.0,16.0,35,45,84,140.0,292.0
246,Greg Anderson,1991-92,00,1610612743,DEN,28.0,82,82,2793.0,389.0,854.0,0.456,0,4,0.0,167.0,268.0,0.623,337,604,941.0,78.0,88,65,201,263.0,945.0
246,Greg Anderson,1993-94,00,1610612765,DET,30.0,77,47,1624.0,201.0,370.0,0.543,1,3,0.333,88.0,154.0,0.571,183,388,571.0,51.0,55,68,94,234.0,491.0
246,Greg Anderson,1994-95,00,1610612737,ATL,31.0,51,0,622.0,57.0,104.0,0.548,0,0,0.0,34.0,71.0,0.479,62,126,188.0,17.0,23,32,32,103.0,148.0
246,Greg Anderson,1995-96,00,1610612759,SAN,32.0,46,7,344.0,24.0,47.0,0.511,0,1,0.0,6.0,25.0,0.24,29,71,100.0,10.0,9,24,22,66.0,54.0
246,Greg Anderson,1996-97,00,1610612759,SAS,33.0,82,48,1662.0,130.0,262.0,0.496,0,1,0.0,62.0,93.0,0.667,157,291,448.0,34.0,63,67,73,225.0,322.0
246,Greg Anderson,1997-98,00,1610612737,ATL,34.0,50,0,398.0,36.0,81.0,0.444,0,5,0.0,16.0,41.0,0.39,39,79,118.0,15.0,19,10,17,85.0,88.0
202341,James Anderson,2010-11,00,1610612759,SAS,22.0,26,2,286.0,31.0,81.0,0.383,18,46,0.391,14.0,18.0,0.778,2,21,23.0,18.0,3,6,13,24.0,94.0
202341,James Anderson,2011-12,00,1610612759,SAS,23.0,51,2,603.0,66.0,174.0,0.379,19,68,0.279,39.0,52.0,0.75,16,63,79.0,41.0,8,2,30,35.0,190.0
202341,James Anderson,2012-13,00,1610612759,SAS,24.0,10,0,94.0,11.0,25.0,0.44,5,11,0.455,7.0,9.0,0.778,3,11,14.0,9.0,3,2,7,7.0,34.0
202341,James Anderson,2012-13,00,1610612745,HOU,24.0,29,2,307.0,41.0,101.0,0.406,16,49,0.327,17.0,19.0,0.895,15,43,58.0,33.0,12,3,18,18.0,115.0
202341,James Anderson,2012-13,00,0,TOT,24.0,39,2,401.0,52.0,126.0,0.413,21,60,0.35,24.0,28.0,0.857,18,54,72.0,42.0,15,5,25,25.0,149.0
202341,James Anderson,2013-14,00,1610612755,PHI,25.0,80,62,2309.0,309.0,717.0,0.431,115,351,0.328,77.0,106.0,0.726,59,241,300.0,149.0,74,28,106,154.0,810.0
202341,James Anderson,2015-16,00,1610612758,SAC,27.0,51,15,721.0,67.0,178.0,0.376,23,86,0.267,22.0,29.0,0.759,13,73,86.0,41.0,21,14,42,54.0,179.0
76040,Jerome Anderson,1975-76,00,1610612738,BOS,22.0,22,,126.0,25.0,45.0,0.556,,,,11.0,16.0,0.688,4,9,13.0,6.0,3,3,,25.0,61.0
76040,Jerome Anderson,1976-77,00,1610612754,IND,23.0,27,,164.0,26.0,59.0,0.441,,,,14.0,20.0,0.7,9,3,12.0,10.0,6,2,,26.0,66.0
1626147,Justin Anderson,2015-16,00,1610612742,DAL,22.0,55,9,647.0,71.0,175.0,0.406,22,83,0.265,44.0,55.0,0.8,18,114,132.0,29.0,19,25,24,45.0,208.0
1626147,Justin Anderson,2016-17,00,1610612742,DAL,23.0,51,2,710.0,111.0,277.0,0.401,37,122,0.303,70.0,88.0,0.795,39,110,149.0,32.0,28,16,40,64.0,329.0
1626147,Justin Anderson,2016-17,00,1610612755,PHI,23.0,24,8,518.0,75.0,162.0,0.463,21,72,0.292,32.0,41.0,0.78,30,66,96.0,34.0,13,7,26,45.0,203.0
1626147,Justin Anderson,2016-17,00,0,TOT,23.0,75,10,1227.0,186.0,439.0,0.424,58,194,0.299,102.0,129.0,0.791,69,176,245.0,66.0,41,23,66,109.0,532.0
1626147,Justin Anderson,2017-18,00,1610612755,PHI,24.0,38,0,519.0,87.0,202.0,0.431,34,103,0.33,28.0,38.0,0.737,25,68,93.0,25.0,15,7,16,54.0,236.0
1626147,Justin Anderson,2018-19,00,1610612737,ATL,25.0,48,4,464.0,64.0,157.0,0.408,24,77,0.312,26.0,35.0,0.743,24,60,84.0,23.0,22,13,23,48.0,178.0
1626147,Justin Anderson,2019-20,00,1610612751,BKN,26.0,10,1,107.0,10.0,38.0,0.263,6,29,0.207,2.0,4.0,0.5,1,20,21.0,8.0,0,6,4,13.0,28.0
1626147,Justin Anderson,2021-22,00,1610612739,CLE,28.0,3,0,47.0,4.0,8.0,0.5,2,6,0.333,3.0,4.0,0.75,0,6,6.0,6.0,1,0,2,4.0,13.0
1626147,Justin Anderson,2021-22,00,1610612754,IND,28.0,13,6,269.0,32.0,87.0,0.368,13,53,0.245,12.0,15.0,0.8,4,36,40.0,27.0,7,6,6,18.0,89.0
1626147,Justin Anderson,2021-22,00,0,TOT,28.0,16,6,316.0,36.0,95.0,0.379,15,59,0.254,15.0,19.0,0.789,4,42,46.0,33.0,8,6,8,22.0,102.0
72,Kenny Anderson,1991-92,00,1610612751,NJN,21.0,64,13,1086.0,187.0,480.0,0.39,3,13,0.231,73.0,98.0,0.745,38,89,127.0,203.0,67,9,97,68.0,450.0
72,Kenny Anderson,1992-93,00,1610612751,NJN,22.0,55,55,2010.0,370.0,850.0,0.435,7,25,0.28,180.0,232.0,0.776,51,175,226.0,449.0,96,11,153,140.0,927.0
72,Kenny Anderson,1993-94,00,1610612751,NJN,23.0,82,82,3135.0,576.0,1381.0,0.417,40,132,0.303,346.0,423.0,0.818,89,233,322.0,784.0,158,15,266,201.0,1538.0
72,Kenny Anderson,1994-95,00,1610612751,NJN,24.0,72,70,2689.0,411.0,1031.0,0.399,97,294,0.33,348.0,414.0,0.841,73,177,250.0,680.0,103,14,225,184.0,1267.0
72,Kenny Anderson,1995-96,00,1610612751,NJN,25.0,31,28,1042.0,143.0,380.0,0.376,36,99,0.364,151.0,188.0,0.803,37,64,101.0,247.0,52,8,58,73.0,473.0
72,Kenny Anderson,1995-96,00,1610612766,CHH,25.0,38,36,1302.0,206.0,454.0,0.454,56,157,0.357,109.0,150.0,0.727,26,76,102.0,328.0,59,6,88,105.0,577.0
72,Kenny Anderson,1995-96,00,0,TOT,25.0,69,64,2344.0,349.0,834.0,0.418,92,256,0.359,260.0,338.0,0.769,63,140,203.0,575.0,111,14,146,178.0,1050.0
72,Kenny Anderson,1996-97,00,1610612757,POR,26.0,82,81,3081.0,485.0,1137.0,0.427,132,366,0.361,334.0,435.0,0.768,91,272,363.0,584.0,162,15,193,222.0,1436.0
72,Kenny Anderson,1997-98,00,1610612757,POR,27.0,45,40,1472.0,204.0,527.0,0.387,47,133,0.353,112.0,145.0,0.772,36,98,134.0,245.0,61,1,114,99.0,567.0
72,Kenny Anderson,1997-98,00,1610612738,BOS,27.0,16,16,386.0,64.0,147.0,0.435,10,27,0.37,41.0,49.0,0.837,3,36,39.0,100.0,26,0,29,36.0,179.0
72,Kenny Anderson,1997-98,00,0,TOT,27.0,61,56,1858.0,268.0,674.0,0.398,57,160,0.356,153.0,194.0,0.789,39,134,173.0,345.0,87,1,143,135.0,746.0
72,Kenny Anderson,1998-99,00,1610612738,BOS,28.0,34,33,1010.0,161.0,357.0,0.451,6,24,0.25,84.0,101.0,0.832,24,79,103.0,193.0,33,2,71,78.0,412.0
72,Kenny Anderson,1999-00,00,1610612738,BOS,29.0,82,82,2593.0,434.0,986.0,0.44,85,220,0.386,196.0,253.0,0.775,55,170,225.0,420.0,139,8,130,230.0,1149.0
72,Kenny Anderson,2000-01,00,1610612738,BOS,30.0,33,28,850.0,88.0,227.0,0.388,11,33,0.333,59.0,71.0,0.831,16,57,73.0,134.0,44,2,52,62.0,246.0
72,Kenny Anderson,2001-02,00,1610612738,BOS,31.0,76,76,2428.0,312.0,716.0,0.436,9,33,0.273,98.0,132.0,0.742,57,218,275.0,403.0,141,10,119,210.0,731.0
72,Kenny Anderson,2002-03,00,1610612760,SEA,32.0,38,1,689.0,102.0,232.0,0.44,0,5,0.0,29.0,35.0,0.829,17,70,87.0,121.0,40,1,33,63.0,233.0
72,Kenny Anderson,2002-03,00,1610612740,NOH,32.0,23,1,446.0,61.0,150.0,0.407,1,2,0.5,16.0,22.0,0.727,14,31,45.0,77.0,18,4,42,43.0,139.0
72,Kenny Anderson,2002-03,00,0,TOT,32.0,61,2,1135.0,163.0,382.0,0.427,1,7,0.143,45.0,57.0,0.789,31,101,132.0,198.0,58,5,75,106.0,372.0
72,Kenny Anderson,2003-04,00,1610612754,IND,33.0,44,31,907.0,113.0,256.0,0.441,1,4,0.25,35.0,48.0,0.729,19,62,81.0,125.0,26,5,50,73.0,262.0
72,Kenny Anderson,2004-05,00,1610612737,ATL,34.0,39,20,718.0,81.0,190.0,0.426,6,13,0.462,27.0,37.0,0.73,23,60,83.0,98.0,33,0,46,81.0,195.0
72,Kenny Anderson,2004-05,00,1610612746,LAC,34.0,4,0,26.0,4.0,11.0,0.364,0,0,0.0,0.0,0.0,0.0,1,4,5.0,5.0,0,0,3,6.0,8.0
72,Kenny Anderson,2004-05,00,0,TOT,34.0,43,20,744.0,85.0,201.0,0.423,6,13,0.462,27.0,37.0,0.73,24,64,88.0,103.0,33,0,49,87.0,203.0
76041,Kim Anderson,1978-79,00,1610612757,POR,24.0,21,,224.0,24.0,77.0,0.312,,,,15.0,28.0,0.536,17,28,45.0,15.0,4,5,22,42.0,63.0
203937,Kyle Anderson,2014-15,00,1610612759,SAS,21.0,33,8,358.0,31.0,89.0,0.348,3,11,0.273,9.0,14.0,0.643,5,67,72.0,28.0,15,7,10,28.0,74.0
203937,Kyle Anderson,2015-16,00,1610612759,SAS,22.0,78,11,1245.0,138.0,295.0,0.468,12,37,0.324,62.0,83.0,0.747,25,219,244.0,123.0,60,29,59,97.0,350.0
203937,Kyle Anderson,2016-17,00,1610612759,SAS,23.0,72,14,1020.0,93.0,209.0,0.445,15,40,0.375,45.0,57.0,0.789,33,175,208.0,91.0,51,26,39,63.0,246.0
203937,Kyle Anderson,2017-18,00,1610612759,SAS,24.0,74,67,1978.0,231.0,438.0,0.527,19,57,0.333,104.0,146.0,0.712,84,312,396.0,202.0,115,60,94,114.0,585.0
203937,Kyle Anderson,2018-19,00,1610612763,MEM,25.0,43,40,1282.0,150.0,276.0,0.543,9,34,0.265,37.0,64.0,0.578,48,203,251.0,128.0,54,37,58,112.0,346.0
203937,Kyle Anderson,2019-20,00,1610612763,MEM,26.0,67,28,1330.0,157.0,331.0,0.474,24,85,0.282,52.0,78.0,0.667,58,227,285.0,162.0,54,37,66,111.0,390.0
203937,Kyle Anderson,2020-21,00,1610612763,MEM,27.0,69,69,1887.0,308.0,658.0,0.468,94,261,0.36,144.0,184.0,0.783,52,344,396.0,250.0,84,57,86,120.0,854.0
203937,Kyle Anderson,2021-22,00,1610612763,MEM,28.0,69,11,1484.0,209.0,469.0,0.446,36,109,0.33,67.0,105.0,0.638,69,299,368.0,183.0,77,45,71,108.0,521.0
203937,Kyle Anderson,2022-23,00,1610612750,MIN,29.0,69,46,1957.0,252.0,495.0,0.509,43,105,0.41,100.0,136.0,0.735,66,302,368.0,335.0,78,63,103,146.0,647.0
203937,Kyle Anderson,2023-24,00,1610612750,MIN,30.0,24,0,563.0,65.0,140.0,0.464,2,19,0.105,36.0,52.0,0.692,18,71,89.0,98.0,20,20,36,37.0,168.0
76042,Michael Anderson,1988-89,00,1610612759,SAN,23.0,36,12,730.0,73.0,175.0,0.417,1,7,0.143,57.0,82.0,0.695,44,45,89.0,153.0,44,3,84,64.0,204.0
76043,Mitchell Anderson,1982-83,00,1610612755,PHL,22.0,13,0,48.0,8.0,22.0,0.364,0,1,0.0,1.0,3.0,0.333,4,8,12.0,1.0,1,0,5,6.0,17.0
76043,Mitchell Anderson,1982-83,00,1610612762,UTH,22.0,52,2,1154.0,182.0,357.0,0.51,0,3,0.0,99.0,172.0,0.576,115,167,282.0,66.0,62,21,74,147.0,463.0
76043,Mitchell Anderson,1982-83,00,0,TOT,22.0,65,2,1202.0,190.0,379.0,0.501,0,4,0.0,100.0,175.0,0.571,119,175,294.0,67.0,63,21,79,153.0,480.0
76043,Mitchell Anderson,1983-84,00,1610612762,UTH,23.0,48,0,311.0,55.0,130.0,0.423,0,3,0.0,12.0,29.0,0.414,38,25,63.0,22.0,15,9,20,28.0,122.0
76043,Mitchell Anderson,1984-85,00,1610612762,UTH,24.0,44,0,457.0,61.0,149.0,0.409,0,2,0.0,27.0,45.0,0.6,29,53,82.0,21.0,29,9,32,70.0,149.0
98,Nick Anderson,1989-90,00,1610612753,ORL,22.0,81,9,1785.0,372.0,753.0,0.494,1,17,0.059,186.0,264.0,0.705,107,209,316.0,124.0,69,34,138,140.0,931.0
98,Nick Anderson,1990-91,00,1610612753,ORL,23.0,70,42,1971.0,400.0,857.0,0.467,17,58,0.293,173.0,259.0,0.668,92,294,386.0,106.0,74,44,113,145.0,990.0
98,Nick Anderson,1991-92,00,1610612753,ORL,24.0,60,59,2203.0,482.0,1042.0,0.463,30,85,0.353,202.0,303.0,0.667,98,286,384.0,163.0,97,33,126,132.0,1196.0
98,Nick Anderson,1992-93,00,1610612753,ORL,25.0,79,76,2920.0,594.0,1324.0,0.449,88,249,0.353,298.0,402.0,0.741,122,355,477.0,265.0,128,56,164,200.0,1574.0
98,Nick Anderson,1993-94,00,1610612753,ORL,26.0,81,81,2811.0,504.0,1054.0,0.478,101,314,0.322,168.0,250.0,0.672,113,363,476.0,294.0,134,33,165,148.0,1277.0
98,Nick Anderson,1994-95,00,1610612753,ORL,27.0,76,76,2588.0,439.0,923.0,0.476,179,431,0.415,143.0,203.0,0.704,85,250,335.0,314.0,125,22,141,124.0,1200.0
98,Nick Anderson,1995-96,00,1610612753,ORL,28.0,77,77,2717.0,400.0,904.0,0.442,168,430,0.391,166.0,240.0,0.692,92,323,415.0,279.0,121,46,141,135.0,1134.0
98,Nick Anderson,1996-97,00,1610612753,ORL,29.0,63,61,2164.0,288.0,725.0,0.397,143,405,0.353,38.0,94.0,0.404,66,238,304.0,182.0,120,32,86,160.0,757.0
98,Nick Anderson,1997-98,00,1610612753,ORL,30.0,58,44,1701.0,343.0,754.0,0.455,77,214,0.36,127.0,199.0,0.638,98,199,297.0,119.0,72,23,85,98.0,890.0
98,Nick Anderson,1998-99,00,1610612753,ORL,31.0,47,39,1581.0,253.0,640.0,0.395,96,277,0.347,99.0,162.0,0.611,51,226,277.0,91.0,64,15,83,72.0,701.0
98,Nick Anderson,1999-00,00,1610612758,SAC,32.0,72,72,2094.0,306.0,782.0,0.391,132,397,0.332,37.0,76.0,0.487,83,256,339.0,123.0,94,16,95,118.0,781.0
98,Nick Anderson,2000-01,00,1610612758,SAC,33.0,21,0,170.0,14.0,57.0,0.246,10,39,0.256,0.0,0.0,0.0,3,22,25.0,13.0,10,4,7,13.0,38.0
98,Nick Anderson,2001-02,00,1610612763,MEM,34.0,15,0,220.0,21.0,76.0,0.276,13,48,0.271,5.0,9.0,0.556,1,32,33.0,14.0,6,6,14,17.0,60.0
